word_segment,instances,prominence
འི་,1125,5.220175397893369
ར་,630,2.9232982228202866
དང་,612,2.8397754164539926
ས་,527,2.445362164168716
ལ་,397,1.8421418959677045
ལ,383,1.7771797132383649
དུ་,316,1.466289267319382
ཀྱི་,311,1.4430884877731893
ནི་,233,1.0811563268525823
ས,220,1.020834300032481
གྱི་,196,0.9094705582107558
ནས་,174,0.8073871282075078
ཆོས་,166,0.7702658809335994
ཞེས་,150,0.6960233863857825
གི་,146,0.6774627627488283
འོ,138,0.6403415154749199
ན་,135,0.6264210477472043
དེ,133,0.6171407359287272
གསུམ་,120,0.5568187091086261
སོ,120,0.5568187091086261
སུ་,116,0.5382580854716718
རྒྱུད་,114,0.5289777736531948
མ་,105,0.48721637047004784
རྣམས་,102,0.47329590274233213
མི་,101,0.4686557468330936
རྒྱུད,100,0.4640155909238551
ཏེ,98,0.4547352791053779
དོན་,96,0.4454549672869008
ནི,94,0.43617465546842377
ཏུ་,90,0.4176140318314695
ཀྱིས་,90,0.4176140318314695
དེ་,87,0.4036935641037539
གཉིས་,87,0.4036935641037539
གནས་,86,0.39905340819451535
སངས་རྒྱས་,83,0.3851329404667997
སྟོན་པ་,81,0.3758526286483226
ཏེ་,74,0.3433715372836527
སྟེ,72,0.33409122546517567
ཐམས་ཅད་,72,0.33409122546517567
མེད་པ,65,0.30161013410050574
གྱིས་,65,0.30161013410050574
སེམས་ཉིད་,61,0.2830495104635516
ནས,60,0.27840935455431304
དུས་,59,0.2737691986450745
ལ་སོགས་པ་,59,0.2737691986450745
ཀུན་,58,0.2691290427358359
ཡང་,57,0.2644888868265974
ཀྱང་,57,0.2644888868265974
རྡོ་རྗེ་,54,0.2505684190988817
ཚུལ་,53,0.24592826318964317
ལམ་,52,0.24128810728040462
འདི་,52,0.24128810728040462
བྱང་ཆུབ་,52,0.24128810728040462
ཕྱིར་,50,0.23200779546192754
ནོ,50,0.23200779546192754
གིས་,49,0.22736763955268896
ཚེ་,49,0.22736763955268896
མཛད་པ་,48,0.2227274836434504
ཆེན་པོ་,48,0.2227274836434504
ན,47,0.21808732773421188
མཆོག་,47,0.21808732773421188
སྟེ་,46,0.21344717182497333
རང་བཞིན་,45,0.20880701591573475
དང་པོ་,45,0.20880701591573475
གཅིག་,44,0.2041668600064962
ཆེན་པོ,44,0.2041668600064962
གསུངས་པ་,44,0.2041668600064962
བསྟན་པ་,44,0.2041668600064962
ཡེ་ཤེས་,44,0.2041668600064962
བཞིན་,43,0.19952670409725767
བཞི,42,0.19488654818801912
ངལ་གསོ་,41,0.19024639227878057
ཡིན་,39,0.18096608046030346
ལྔ་,38,0.1763259245510649
གང་,38,0.1763259245510649
དག་,37,0.17168576864182636
སེམས་,37,0.17168576864182636
བཞི་,37,0.17168576864182636
ཕྱག་,36,0.16704561273258783
བསྟན་བཅོས་,36,0.16704561273258783
ཅིང་,36,0.16704561273258783
ཅན་,35,0.16240545682334925
ལ་སོགས་པ,35,0.16240545682334925
དོ,34,0.15776530091411073
འདི,34,0.15776530091411073
ཡི་,34,0.15776530091411073
འཁོར་,34,0.15776530091411073
དེ་ནས་,34,0.15776530091411073
ཁྱོད་,34,0.15776530091411073
ཐེག་པ་,33,0.15312514500487215
བྱ་བ,33,0.15312514500487215
བདུན་,33,0.15312514500487215
ལྟར་,32,0.14848498909563362
ཅེས་,32,0.14848498909563362
འང་,31,0.14384483318639504
མྱ་ངན་,31,0.14384483318639504
གསུངས་,31,0.14384483318639504
ཞིང་,30,0.13920467727715652
བསམ་གཏན་,30,0.13920467727715652
བུ་,30,0.13920467727715652
རབ་ཏུ་,30,0.13920467727715652
ཆེ,29,0.13456452136791794
ཕུན་སུམ་,29,0.13456452136791794
ཚོགས་པ་,29,0.13456452136791794
དུ,29,0.13456452136791794
ཤིང་,29,0.13456452136791794
མེད་,29,0.13456452136791794
བྱ,29,0.13456452136791794
རྫོགས་པ་,29,0.13456452136791794
རྒྱ་,28,0.12992436545867941
ཞེས་པ་,28,0.12992436545867941
གནས་པ,28,0.12992436545867941
དྲུག་,28,0.12992436545867941
དབང་,28,0.12992436545867941
འབྲས་བུ་,27,0.12528420954944086
མངོན་པར་,27,0.12528420954944086
རྣམ་པ,27,0.12528420954944086
རྒྱལ་པོ,27,0.12528420954944086
བཤད་,26,0.12064405364020231
ཚོགས་,26,0.12064405364020231
འཁོར་ལོ་,26,0.12064405364020231
རོ,26,0.12064405364020231
སྔགས་,25,0.11600389773096377
དེ་དག་,25,0.11600389773096377
མཛད་,25,0.11600389773096377
གཉིས་པ་,25,0.11600389773096377
གཞན་,25,0.11600389773096377
ཡོན་ཏན་,24,0.1113637418217252
བཤད་པ་,24,0.1113637418217252
བར་,24,0.1113637418217252
རྫོགས་པ,24,0.1113637418217252
འཇིག་རྟེན་,24,0.1113637418217252
གྱུར་,24,0.1113637418217252
བཟང་པོ་,24,0.1113637418217252
ཡུལ་,24,0.1113637418217252
རྣལ་འབྱོར་,24,0.1113637418217252
བྱ་བ་,23,0.10672358591248667
ར,23,0.10672358591248667
འགྱུར་,23,0.10672358591248667
གྲོང་ཁྱེར་,23,0.10672358591248667
སློབ་དཔོན་,23,0.10672358591248667
རབ་,22,0.1020834300032481
ཕྱོགས་,22,0.1020834300032481
བཤད་པ,22,0.1020834300032481
ཉིད་,22,0.1020834300032481
ཤཱཀྱ་,22,0.1020834300032481
འདས་,22,0.1020834300032481
སྟོན་པ,22,0.1020834300032481
ཁམས་,22,0.1020834300032481
ཤེས་རབ་,22,0.1020834300032481
རང་,22,0.1020834300032481
མཚན་,22,0.1020834300032481
ནམ་མཁའ་,22,0.1020834300032481
བཅས་པ་,22,0.1020834300032481
གཞི་,22,0.1020834300032481
ཐབས་,21,0.09744327409400956
བཀའ་,21,0.09744327409400956
ལྷ,21,0.09744327409400956
ལྷ་,21,0.09744327409400956
རྣམ་པ་,21,0.09744327409400956
སྒྱུ་མ་,21,0.09744327409400956
དགྲ་བཅོམ་པ་,21,0.09744327409400956
དཔལ་,21,0.09744327409400956
གཤེགས་པ,20,0.09280311818477101
དེ་བཞིན་,20,0.09280311818477101
ཙམ་,20,0.09280311818477101
ལྡན་པ,20,0.09280311818477101
བསྟན་པ,20,0.09280311818477101
བརྗོད་པ,20,0.09280311818477101
བརྒྱད་,20,0.09280311818477101
བྱས་,20,0.09280311818477101
མེད་པ་,20,0.09280311818477101
བྱེད་པ,20,0.09280311818477101
རྒྱན་,20,0.09280311818477101
ལེགས་པ,19,0.08816296227553246
ཇི་ལྟར་,19,0.08816296227553246
རིམ་པ་,19,0.08816296227553246
དེ་ཉིད་,19,0.08816296227553246
འདོད་,19,0.08816296227553246
སེམས་དཔའ་,19,0.08816296227553246
ཞིག་,19,0.08816296227553246
པདྨ་,19,0.08816296227553246
བདུད་,19,0.08816296227553246
འོད་,19,0.08816296227553246
བདག་,19,0.08816296227553246
གསུམ་པ་,19,0.08816296227553246
འདི་དག་,19,0.08816296227553246
འགྲེལ་པ་,19,0.08816296227553246
བྱ་,18,0.08352280636629392
གདན་,18,0.08352280636629392
སོ་སོ,18,0.08352280636629392
བསྟན་,18,0.08352280636629392
སྡེ་,18,0.08352280636629392
ལོ་,18,0.08352280636629392
ལྡན་,18,0.08352280636629392
ནང་,18,0.08352280636629392
རྒྱུ་,18,0.08352280636629392
ཆོས་ཉིད་,18,0.08352280636629392
གསང་སྔགས་,18,0.08352280636629392
འབྲས་བུ,18,0.08352280636629392
ངང་,18,0.08352280636629392
ཐེག་པ,17,0.07888265045705536
ཏིང་ངེ་འཛིན་,17,0.07888265045705536
མཛད་པ,17,0.07888265045705536
འོག་མིན་,17,0.07888265045705536
ཡོངས་སུ་,17,0.07888265045705536
ཡིན,17,0.07888265045705536
འབྱུང་བ,17,0.07888265045705536
གསང་བ,17,0.07888265045705536
འདས་པ,16,0.07424249454781681
དབང་པོ་,16,0.07424249454781681
སྔོན་,16,0.07424249454781681
ཉིད,16,0.07424249454781681
རིགས་,16,0.07424249454781681
ང་,16,0.07424249454781681
སྟོང་,16,0.07424249454781681
བྱིན་,16,0.07424249454781681
ལུས་,16,0.07424249454781681
འདོད་པ་,16,0.07424249454781681
སྦྱར་,16,0.07424249454781681
ཐུབ་པ་,15,0.06960233863857826
མཐ,15,0.06960233863857826
ཡིན་པ,15,0.06960233863857826
བདེན་པ་,15,0.06960233863857826
རྗེས་སུ་,15,0.06960233863857826
ཚིག་,15,0.06960233863857826
བྱུང་,15,0.06960233863857826
བྱེད་,15,0.06960233863857826
རྫོགས་,15,0.06960233863857826
ལྟ་བུ་,15,0.06960233863857826
ཆེ་,15,0.06960233863857826
དུ་མ་,15,0.06960233863857826
ཁྱད་པར་,15,0.06960233863857826
ཁྱད་པར་ཅན་,15,0.06960233863857826
ཡན་ལག་,14,0.06496218272933971
མན་ངག་,14,0.06496218272933971
ཉན་པ,14,0.06496218272933971
གླིང་,14,0.06496218272933971
དབྱིངས་,14,0.06496218272933971
འཕགས་པ་,14,0.06496218272933971
ཡང་དག་,14,0.06496218272933971
སེམས་ཅན་,14,0.06496218272933971
སྐུ་,14,0.06496218272933971
སྒྲ་,14,0.06496218272933971
ལྔ,14,0.06496218272933971
རྒྱལ་པོ་,14,0.06496218272933971
རྣམ་,14,0.06496218272933971
ངོ་,14,0.06496218272933971
ཐུགས་,14,0.06496218272933971
ཐོབ་པ,14,0.06496218272933971
ཞེས་པ,14,0.06496218272933971
ཉེ,14,0.06496218272933971
བཞུགས་,13,0.060322026820101154
བྱོན་,13,0.060322026820101154
བསྐལ་པ་,13,0.060322026820101154
གཤེགས་,13,0.060322026820101154
ཁ་ཅིག་,13,0.060322026820101154
སྤྱོད་པ་,13,0.060322026820101154
དམ་པ་,13,0.060322026820101154
རྒྱལ་རིགས་,13,0.060322026820101154
བྱེད་པ་,13,0.060322026820101154
ཏོ,13,0.060322026820101154
བྱུང་བ་,13,0.060322026820101154
སྣང་,13,0.060322026820101154
འཁོར་བ,13,0.060322026820101154
དམ་པ,13,0.060322026820101154
སྤྱོད་པ,13,0.060322026820101154
དགོས་པ་,13,0.060322026820101154
ཤེས་པ་,13,0.060322026820101154
དྲི་མ་,13,0.060322026820101154
ལན་,13,0.060322026820101154
འབྲིང་,13,0.060322026820101154
སྲུངས་,13,0.060322026820101154
དབང་པོ,12,0.0556818709108626
བདེ་བ,12,0.0556818709108626
སྙིང་པོ,12,0.0556818709108626
གང་ཟག་,12,0.0556818709108626
མདོ་,12,0.0556818709108626
ཕྱིར,12,0.0556818709108626
གསུངས་པ,12,0.0556818709108626
གྲངས་,12,0.0556818709108626
དག་པ་,12,0.0556818709108626
གསེར་,12,0.0556818709108626
བློ་,12,0.0556818709108626
ཆུ་,12,0.0556818709108626
རོལ་པ,12,0.0556818709108626
ཡོད་པ,12,0.0556818709108626
ཅི་,12,0.0556818709108626
ཆ་,12,0.0556818709108626
མེད,12,0.0556818709108626
ལྟ་བུ,12,0.0556818709108626
སྐད་,12,0.0556818709108626
སྡེ,12,0.0556818709108626
བླ་,12,0.0556818709108626
ཕྱི་,12,0.0556818709108626
རྟོག་པ་,12,0.0556818709108626
འདུས་པ,12,0.0556818709108626
འཇམ་དཔལ་,12,0.0556818709108626
སྐུ,12,0.0556818709108626
སྐོར་,11,0.05104171500162405
ྡྷ,11,0.05104171500162405
འཚལ་,11,0.05104171500162405
ལོ,11,0.05104171500162405
འཇུག་པ,11,0.05104171500162405
བྱེ་བྲག་,11,0.05104171500162405
ཚུལ,11,0.05104171500162405
བསྡུས་,11,0.05104171500162405
རྡོ་རྗེ,11,0.05104171500162405
མཉམ་པ,11,0.05104171500162405
མང་པོ་,11,0.05104171500162405
ཐུན་མོང་,11,0.05104171500162405
བརྒྱ་,11,0.05104171500162405
དཀའ་བ་,11,0.05104171500162405
ཁྲི་,11,0.05104171500162405
བྲམ་ཟེ་,11,0.05104171500162405
སེམས་དཔ,11,0.05104171500162405
སོང་,11,0.05104171500162405
འོད་ཟེར་,11,0.05104171500162405
དྷ,11,0.05104171500162405
ཀ་,11,0.05104171500162405
དགོངས་པ་,11,0.05104171500162405
ཤིང་རྟ་,11,0.05104171500162405
འདོད་པ,11,0.05104171500162405
ཤེས་,11,0.05104171500162405
གསོལ་བ་,11,0.05104171500162405
ཤེས་པ,11,0.05104171500162405
དཀྱིལ་འཁོར་,11,0.05104171500162405
དུས,11,0.05104171500162405
བྱིན,11,0.05104171500162405
དེ་ལྟར་,11,0.05104171500162405
བསྡུ་བ་,11,0.05104171500162405
ཆོ་འཕྲུལ་,11,0.05104171500162405
མཐུན་པ,11,0.05104171500162405
དགུ་,11,0.05104171500162405
རྩ་བ,11,0.05104171500162405
སྒྱུ་མ,11,0.05104171500162405
འགྲོ་བ་,10,0.046401559092385504
འགྲོན་པོ་,10,0.046401559092385504
སྐྱེ་བོ་,10,0.046401559092385504
སོ་སོ་,10,0.046401559092385504
འདའ་བ,10,0.046401559092385504
ཐོས་པ,10,0.046401559092385504
སྒྱུ་འཕྲུལ་,10,0.046401559092385504
ཡིད་,10,0.046401559092385504
མང་,10,0.046401559092385504
སྣང་བ་,10,0.046401559092385504
འགྱུར,10,0.046401559092385504
རུང་,10,0.046401559092385504
ཡོད་,10,0.046401559092385504
རྩ་,10,0.046401559092385504
མཐོང་,10,0.046401559092385504
མཆོད་རྟེན་,10,0.046401559092385504
ལུང་,10,0.046401559092385504
དགོངས་,10,0.046401559092385504
བྱས་པ,10,0.046401559092385504
རིག་པ་,10,0.046401559092385504
རྟོགས་པ,10,0.046401559092385504
མཚན་ཉིད་,10,0.046401559092385504
གདུལ་བྱ་,10,0.046401559092385504
བཏབ་པ,10,0.046401559092385504
འདུལ་བ་,10,0.046401559092385504
ཨ་,10,0.046401559092385504
རྒྱས་པ,10,0.046401559092385504
ལ་མ་,10,0.046401559092385504
གཏན་,10,0.046401559092385504
དགོས་པ,10,0.046401559092385504
འཇུག་པ་,9,0.04176140318314696
ཕྱིན་པ,9,0.04176140318314696
མཛོད་,9,0.04176140318314696
སྐྱེ་,9,0.04176140318314696
བསྡུས་པ,9,0.04176140318314696
ཐ་མ་,9,0.04176140318314696
བཅུ་གཉིས་,9,0.04176140318314696
སངས་རྒྱས་པ,9,0.04176140318314696
གཤེགས་པ་,9,0.04176140318314696
མ་ཡིན་པ,9,0.04176140318314696
སྐྱེ་བ་,9,0.04176140318314696
རྒྱ་ཆེ་བ,9,0.04176140318314696
ལྟ་བ་,9,0.04176140318314696
གྱུར་པ,9,0.04176140318314696
སྣང་བ,9,0.04176140318314696
རུང་བ,9,0.04176140318314696
མེ་ཏོག་,9,0.04176140318314696
སྨྲས་པ,9,0.04176140318314696
འབྱུང་,9,0.04176140318314696
བཞག་,9,0.04176140318314696
བྲམ་ཟེ,9,0.04176140318314696
བྱེད,9,0.04176140318314696
ལྷས་,9,0.04176140318314696
ཐུབ་པ,9,0.04176140318314696
བཞུགས་པ་,9,0.04176140318314696
ཤིག་,9,0.04176140318314696
ཐར་པ,9,0.04176140318314696
འགྱུར་བ,9,0.04176140318314696
རིན་པོ་ཆེ་,9,0.04176140318314696
གསུང་བ,9,0.04176140318314696
ཉེ་བར་,9,0.04176140318314696
བརྗོད་པ་,9,0.04176140318314696
སྨྲ་བ,9,0.04176140318314696
གསོལ,9,0.04176140318314696
འདོད་ཆགས་,9,0.04176140318314696
བསྐྱེད་པ,9,0.04176140318314696
བླ་མ་,9,0.04176140318314696
མདོ,9,0.04176140318314696
གསལ་བ,9,0.04176140318314696
གསུང་,9,0.04176140318314696
རྟོག་པ,9,0.04176140318314696
དངོས་གྲུབ་,9,0.04176140318314696
སྣོད་,9,0.04176140318314696
དགོས་འབྲེལ་,9,0.04176140318314696
ངག་,8,0.037121247273908406
དགེ་འདུན་,8,0.037121247273908406
དུབ་པ་,8,0.037121247273908406
སྙིང་པོ་,8,0.037121247273908406
རིན་ཆེན་,8,0.037121247273908406
དངོས་,8,0.037121247273908406
ཐ་མ,8,0.037121247273908406
དགའ་ལྡན་,8,0.037121247273908406
མངོན་དུ་,8,0.037121247273908406
བྱང་ཆུབ་པ,8,0.037121247273908406
གྲངས་མེད་,8,0.037121247273908406
སྣ་ཚོགས་,8,0.037121247273908406
ཡབ་,8,0.037121247273908406
དཔག་,8,0.037121247273908406
བྱེ་བ་,8,0.037121247273908406
ལུགས་,8,0.037121247273908406
ངེས་པ,8,0.037121247273908406
རོལ་པ་,8,0.037121247273908406
མཐའ་,8,0.037121247273908406
ཛམྦཱུའི་,8,0.037121247273908406
དེ་ཡང་,8,0.037121247273908406
བཟང་པོ,8,0.037121247273908406
སྒོ་,8,0.037121247273908406
བཅུ་,8,0.037121247273908406
ཆ,8,0.037121247273908406
སྨྲ་བ་,8,0.037121247273908406
སྤངས་,8,0.037121247273908406
བྱས་པ་,8,0.037121247273908406
ཆེན་,8,0.037121247273908406
ཏ་,8,0.037121247273908406
བཅོམ་ལྡན་འདས་,8,0.037121247273908406
ཞབས་,8,0.037121247273908406
སླར་,8,0.037121247273908406
རྩྭ་,8,0.037121247273908406
ཡིས་,8,0.037121247273908406
ཀླུ,8,0.037121247273908406
འོད་གསལ་,8,0.037121247273908406
སྩལ་པ,8,0.037121247273908406
དྲིས་པ,8,0.037121247273908406
མཁན་པོ་,8,0.037121247273908406
རང་བྱུང་,8,0.037121247273908406
ངེས་པ་,8,0.037121247273908406
དེ་ཙམ་,8,0.037121247273908406
ཟུང་,8,0.037121247273908406
བསལ་,8,0.037121247273908406
བདེན་,8,0.037121247273908406
ས་པ,8,0.037121247273908406
འཕྲིན་ལས་,8,0.037121247273908406
ཡིད་བཞིན་,8,0.037121247273908406
ཐིག་ལེ་,8,0.037121247273908406
འཕགས་,8,0.037121247273908406
ཡེ་ནས་,8,0.037121247273908406
ངལ་,8,0.037121247273908406
འོ་,8,0.037121247273908406
གསང་,8,0.037121247273908406
གསང་བ་,8,0.037121247273908406
བཀོད་པ,8,0.037121247273908406
རིག་,8,0.037121247273908406
བརྟེན་,8,0.037121247273908406
འཐད་,8,0.037121247273908406
ངལ་གསོ་བ་,8,0.037121247273908406
བརྩམ་པ,8,0.037121247273908406
སྤྱི་དོན་,7,0.032481091364669853
ཉམས་,7,0.032481091364669853
སྤྱིར་,7,0.032481091364669853
དྲུང་,7,0.032481091364669853
སྟན་,7,0.032481091364669853
དག་པ,7,0.032481091364669853
གདུལ་བྱ,7,0.032481091364669853
གྱུར་པ་,7,0.032481091364669853
བརྒྱ,7,0.032481091364669853
རྒྱལ་བ་,7,0.032481091364669853
སོ་,7,0.032481091364669853
ངས་,7,0.032481091364669853
རྟག་,7,0.032481091364669853
འཆད་,7,0.032481091364669853
གཟིགས་,7,0.032481091364669853
ཡུམ་,7,0.032481091364669853
རྟོགས་པ་,7,0.032481091364669853
རོ་,7,0.032481091364669853
སྐྱེས་བུ་,7,0.032481091364669853
བྱམས་པ,7,0.032481091364669853
འགྲོ་བ,7,0.032481091364669853
ཟླ་བ་,7,0.032481091364669853
བཅས་,7,0.032481091364669853
གྲུབ་པ,7,0.032481091364669853
ལག་,7,0.032481091364669853
ལྡན་པ་,7,0.032481091364669853
དག,7,0.032481091364669853
ངེས་པར་,7,0.032481091364669853
སྨོན་ལམ་,7,0.032481091364669853
རྣམ་དག་,7,0.032481091364669853
ཡངས་པ་,7,0.032481091364669853
རྩེ་མོ་,7,0.032481091364669853
ལས་མི་,7,0.032481091364669853
ཝཱ་,7,0.032481091364669853
རཱ་,7,0.032481091364669853
མེ་,7,0.032481091364669853
ཐག་,7,0.032481091364669853
བརྗོད་,7,0.032481091364669853
འབྲེལ་,7,0.032481091364669853
མིན,7,0.032481091364669853
ལྟར,7,0.032481091364669853
འདུ་ཤེས་,7,0.032481091364669853
མཆོད་པ,7,0.032481091364669853
མཆོད,7,0.032481091364669853
དགེ་སློང་,7,0.032481091364669853
དང་པོ,7,0.032481091364669853
འདུལ་བ,7,0.032481091364669853
ཐོས་པ་,7,0.032481091364669853
སྐྱེས་པ་,7,0.032481091364669853
དགོས་,7,0.032481091364669853
སྐུ་གདུང་,7,0.032481091364669853
རྟོག་,7,0.032481091364669853
འདུས་པ་,7,0.032481091364669853
བུད་མེད་,7,0.032481091364669853
ཡང་དག་པ,7,0.032481091364669853
བསྡུ་བ,7,0.032481091364669853
དབྱེ་,7,0.032481091364669853
དབྱེ་བ་,7,0.032481091364669853
འགྲེལ་,7,0.032481091364669853
འདི་ཉིད་,7,0.032481091364669853
བཅུ་དྲུག་,7,0.032481091364669853
ཕ་རོལ་,7,0.032481091364669853
གནས་སྐབས་,7,0.032481091364669853
འགྲུབ་པ,7,0.032481091364669853
བླ་མེད་,7,0.032481091364669853
བཀོད་པ་,7,0.032481091364669853
འཁོར་བ་,7,0.032481091364669853
ཡོ་ག་,7,0.032481091364669853
ལྷུན་གྲུབ་,7,0.032481091364669853
ཉན་,7,0.032481091364669853
མཇུག་,7,0.032481091364669853
རྒྱ་མཚོ,6,0.0278409354554313
སུ,6,0.0278409354554313
རྒྱ་མཚོ་,6,0.0278409354554313
འཕགས་པ,6,0.0278409354554313
སྲིད་,6,0.0278409354554313
གདུང་,6,0.0278409354554313
དོན,6,0.0278409354554313
སྐབས་,6,0.0278409354554313
སེམས་བསྐྱེད་,6,0.0278409354554313
བཞུགས་པ,6,0.0278409354554313
བཞི་པ,6,0.0278409354554313
གསུངས,6,0.0278409354554313
ཀུན,6,0.0278409354554313
དགའ་བ,6,0.0278409354554313
སྟེང་,6,0.0278409354554313
ཁྱབ་པ,6,0.0278409354554313
ཅེས་པ,6,0.0278409354554313
འི,6,0.0278409354554313
སྟོབས་,6,0.0278409354554313
ཆུང་,6,0.0278409354554313
འགྱུར་བ་,6,0.0278409354554313
ནུབ་,6,0.0278409354554313
སྡུག་བསྔལ་,6,0.0278409354554313
མཆེ་བ་,6,0.0278409354554313
དྲ་བ,6,0.0278409354554313
ཤིན་ཏུ་,6,0.0278409354554313
ཞུགས་པ,6,0.0278409354554313
གླང་པོ,6,0.0278409354554313
ཞུགས་,6,0.0278409354554313
བརླབས་,6,0.0278409354554313
བཟུང་,6,0.0278409354554313
ཚེ,6,0.0278409354554313
ག་,6,0.0278409354554313
ཁབ་,6,0.0278409354554313
བསྐྱེད་,6,0.0278409354554313
འཁོར་ལོ,6,0.0278409354554313
ཉོན་མོངས་,6,0.0278409354554313
རྒྱལ་བ,6,0.0278409354554313
བུ་མོ་,6,0.0278409354554313
ཡོད་པ་,6,0.0278409354554313
རི་,6,0.0278409354554313
ཉི་ཁྲི་,6,0.0278409354554313
བཏབ་,6,0.0278409354554313
བྱས,6,0.0278409354554313
རིང་,6,0.0278409354554313
གྲོལ་བ,6,0.0278409354554313
འབྲས་,6,0.0278409354554313
བཞེངས་,6,0.0278409354554313
ཎ་,6,0.0278409354554313
གཞན་དོན་,6,0.0278409354554313
བསྟོད་པ་,6,0.0278409354554313
བཞི་པ་,6,0.0278409354554313
རྗེས་,6,0.0278409354554313
བདུད་རྩི་,6,0.0278409354554313
ཆུང་ངུ་,6,0.0278409354554313
དད་,6,0.0278409354554313
སྐད་ཅིག་,6,0.0278409354554313
སྡེ་སྣོད་,6,0.0278409354554313
ཡུན་རིང་,6,0.0278409354554313
བསྒྲུབ་པ,6,0.0278409354554313
ཤཱ་རི,6,0.0278409354554313
འདས་པ་,6,0.0278409354554313
མཉམ་,6,0.0278409354554313
སྒྲོགས་,6,0.0278409354554313
ལུ་,6,0.0278409354554313
ཡིས,6,0.0278409354554313
མཆོད་པ་,6,0.0278409354554313
ཞལ་,6,0.0278409354554313
རྫུ་འཕྲུལ་,6,0.0278409354554313
ཕབ་,6,0.0278409354554313
བཅོ་བརྒྱད་,6,0.0278409354554313
རུང་བ་,6,0.0278409354554313
རྩ་བ་,6,0.0278409354554313
འགྲེལ་པ,6,0.0278409354554313
ལ་སོགས་,6,0.0278409354554313
བརྩོན་པ་,6,0.0278409354554313
ཟབ་,6,0.0278409354554313
བསྒོམས་པ,6,0.0278409354554313
བསྐུར་བ,6,0.0278409354554313
འཆང་,6,0.0278409354554313
མཐར་ཐུག་,6,0.0278409354554313
གཞི,6,0.0278409354554313
གཟུངས་,6,0.0278409354554313
ི་,6,0.0278409354554313
ཧཱ་,6,0.0278409354554313
འཕོ་འགྱུར་,6,0.0278409354554313
ཏནྟྲ་,6,0.0278409354554313
འཁོར་འདས་,6,0.0278409354554313
ཀློང་,6,0.0278409354554313
མཚམས་,6,0.0278409354554313
བྲལ་བ,6,0.0278409354554313
ཚིག་དོན་,6,0.0278409354554313
དང་སེམས་,6,0.0278409354554313
སྤྲོས་པ་,6,0.0278409354554313
ངལ་གསོ,6,0.0278409354554313
འཇུག་ཡུལ་,6,0.0278409354554313
འཚལ་བ་,6,0.0278409354554313
ཀུན་མཁྱེན་,5,0.023200779546192752
རྣམས,5,0.023200779546192752
ཅན,5,0.023200779546192752
ཐོག་མ,5,0.023200779546192752
གཞུང་,5,0.023200779546192752
སྤྱི,5,0.023200779546192752
བྱུང་བ,5,0.023200779546192752
རྒྱུ་མཚན་,5,0.023200779546192752
ཆེ་ཆུང་,5,0.023200779546192752
ཆུང་ངུ,5,0.023200779546192752
བཞག་པ,5,0.023200779546192752
ལོངས་སྤྱོད་,5,0.023200779546192752
ཕྲག་,5,0.023200779546192752
བུ,5,0.023200779546192752
མང་པོ,5,0.023200779546192752
ཚད་,5,0.023200779546192752
ཐོབ་,5,0.023200779546192752
ལས་མ་,5,0.023200779546192752
འཇུག་,5,0.023200779546192752
ཏོ་,5,0.023200779546192752
གྲགས་,5,0.023200779546192752
བསོད་ནམས་,5,0.023200779546192752
ཡས་,5,0.023200779546192752
སྒྱུ་རྩལ་,5,0.023200779546192752
དགོངས་པ,5,0.023200779546192752
ཅེས་པ་,5,0.023200779546192752
གོ,5,0.023200779546192752
ཉོན་མོངས་པ་,5,0.023200779546192752
བཞེད་,5,0.023200779546192752
བཟོད་པ་,5,0.023200779546192752
སྨྲ,5,0.023200779546192752
གྱིས,5,0.023200779546192752
ཟད་,5,0.023200779546192752
བཟང་,5,0.023200779546192752
འབྱུང་བ་,5,0.023200779546192752
སྙམ་,5,0.023200779546192752
ཚལ་,5,0.023200779546192752
བསྟོད་པ,5,0.023200779546192752
ཀུན་དགའ་བོ་,5,0.023200779546192752
གཞོན་ནུ་,5,0.023200779546192752
གཟུགས་ཅན་,5,0.023200779546192752
སྐྱེ་དགུ,5,0.023200779546192752
དྲང་སྲོང་,5,0.023200779546192752
བཤེས་གཉེན་,5,0.023200779546192752
ཟེར་བ་,5,0.023200779546192752
བདེ་བ་,5,0.023200779546192752
ཉི་ཤུ་,5,0.023200779546192752
སྒོམ་པ,5,0.023200779546192752
མྱུར་,5,0.023200779546192752
དེ་ལས་,5,0.023200779546192752
དགེ་སྦྱོང་,5,0.023200779546192752
དམ་བཅ,5,0.023200779546192752
མན་ཆད་,5,0.023200779546192752
བཅུ,5,0.023200779546192752
སཱིར་,5,0.023200779546192752
སྐྱེས་པ,5,0.023200779546192752
ལྔ་པ་,5,0.023200779546192752
རེ་,5,0.023200779546192752
དབང་ཕྱུག་,5,0.023200779546192752
གནས་པ་,5,0.023200779546192752
དཔང་,5,0.023200779546192752
ངོ་བོ་,5,0.023200779546192752
བསྐོར་བ,5,0.023200779546192752
ཀྱི,5,0.023200779546192752
གནས,5,0.023200779546192752
ཚེགས་,5,0.023200779546192752
རྟོགས་,5,0.023200779546192752
ཐོས་,5,0.023200779546192752
རིམ་པ,5,0.023200779546192752
མངྒལ་,5,0.023200779546192752
ཁྱེད་,5,0.023200779546192752
འཛིན་,5,0.023200779546192752
བུམ་པ་,5,0.023200779546192752
སྤེལ་,5,0.023200779546192752
དགུ,5,0.023200779546192752
བསྐུར་,5,0.023200779546192752
སྤྱོ་བ་,5,0.023200779546192752
བསྐལ་པ,5,0.023200779546192752
རྟགས་,5,0.023200779546192752
འཛིན་པ,5,0.023200779546192752
མོ,5,0.023200779546192752
ཞི་བ,5,0.023200779546192752
བསྒྱུར་,5,0.023200779546192752
སློབ་བརྒྱུད་,5,0.023200779546192752
ཆོ་ག་,5,0.023200779546192752
གུས་པ,5,0.023200779546192752
ཡ་,5,0.023200779546192752
རང་བཞིན,5,0.023200779546192752
ཁོ་ན་ཉིད་,5,0.023200779546192752
གཉིས,5,0.023200779546192752
བསྐྱེད་པ་,5,0.023200779546192752
གསལ་,5,0.023200779546192752
པཎྜི་ཏ་,5,0.023200779546192752
རྣོན་པོ,5,0.023200779546192752
གཟུང་བ,5,0.023200779546192752
བདག་ཉིད་,5,0.023200779546192752
ཕུང་པོ་,5,0.023200779546192752
ཐིག་ལེ,5,0.023200779546192752
འདུ་,5,0.023200779546192752
བསྒྲུབ་པ་,5,0.023200779546192752
གྲོགས་,5,0.023200779546192752
གྲོལ་,5,0.023200779546192752
རྒྱུད་སྡེ་,5,0.023200779546192752
བཞིན,5,0.023200779546192752
གྷ,5,0.023200779546192752
གཙོ་བོ,5,0.023200779546192752
ཕྱི་མ,5,0.023200779546192752
བཤད་རྒྱུད་,5,0.023200779546192752
མཐུན་,5,0.023200779546192752
མཱ་,5,0.023200779546192752
ཆེ་བ,5,0.023200779546192752
འགྲོ་,5,0.023200779546192752
མོས་པ་,5,0.023200779546192752
གཉེན་པོ,5,0.023200779546192752
ཏི་,5,0.023200779546192752
ཀྲཱི་,5,0.023200779546192752
ཡེ་,5,0.023200779546192752
ཕྱིན་པ་,5,0.023200779546192752
འདྲེན་པ,5,0.023200779546192752
ཆེད་,5,0.023200779546192752
ཉན་པ་པོ་,5,0.023200779546192752
ནོར་བ,5,0.023200779546192752
གནས་ལུགས་,5,0.023200779546192752
ཉན་པ་,5,0.023200779546192752
ཐར་པ་,5,0.023200779546192752
ཚང་,5,0.023200779546192752
དཔེ་,5,0.023200779546192752
དུབ་པ,5,0.023200779546192752
བསྟི་གནས་,5,0.023200779546192752
ཤོག,5,0.023200779546192752
མ,4,0.018560623636954203
ཡོངས་,4,0.018560623636954203
གསུམ,4,0.018560623636954203
བཀ,4,0.018560623636954203
རྟེན་,4,0.018560623636954203
ཕུལ་,4,0.018560623636954203
བརྒྱད་ཅུ་,4,0.018560623636954203
བརྩོན་འགྲུས་,4,0.018560623636954203
མིན་,4,0.018560623636954203
སྟོན་,4,0.018560623636954203
བྱོན་པ་,4,0.018560623636954203
ཡི,4,0.018560623636954203
སངས་རྒྱས,4,0.018560623636954203
སྲས་,4,0.018560623636954203
ཀླུང་,4,0.018560623636954203
ཁྲག་ཁྲིག་,4,0.018560623636954203
སོགས་,4,0.018560623636954203
ཀྱིས,4,0.018560623636954203
ལྷུམས་,4,0.018560623636954203
བཙུན་མོ,4,0.018560623636954203
བཅོམ་,4,0.018560623636954203
སྟོན,4,0.018560623636954203
བསྐུལ་བ་,4,0.018560623636954203
སྐལ་པ་,4,0.018560623636954203
ཡན་ཆད་,4,0.018560623636954203
སྦྱོང་བ,4,0.018560623636954203
དྲན་པ,4,0.018560623636954203
མིག་,4,0.018560623636954203
དགའ་བ་,4,0.018560623636954203
དགེ,4,0.018560623636954203
དགེ་བ་,4,0.018560623636954203
ངན་སོང་,4,0.018560623636954203
དབུ་,4,0.018560623636954203
ཚངས་པ་,4,0.018560623636954203
བརྒྱ་བྱིན་,4,0.018560623636954203
ཉི་མ་,4,0.018560623636954203
སྤྲུལ་,4,0.018560623636954203
ཁང་,4,0.018560623636954203
དྲུག,4,0.018560623636954203
ཅིག་,4,0.018560623636954203
གཙོ་བོ་,4,0.018560623636954203
ཁ་,4,0.018560623636954203
རྟ,4,0.018560623636954203
འམ་,4,0.018560623636954203
དམག་,4,0.018560623636954203
དེ་སྐད་,4,0.018560623636954203
བཏགས་,4,0.018560623636954203
ཞག་,4,0.018560623636954203
བདག་མོ་,4,0.018560623636954203
གཏད་,4,0.018560623636954203
ན་རེ་,4,0.018560623636954203
ཕོ་བྲང་,4,0.018560623636954203
འོངས་པ་,4,0.018560623636954203
འོངས་,4,0.018560623636954203
སྔར་,4,0.018560623636954203
འཁྲུལ་,4,0.018560623636954203
གསོལ་,4,0.018560623636954203
སྦྱིན་,4,0.018560623636954203
ང་རྒྱལ་,4,0.018560623636954203
གྲོང་,4,0.018560623636954203
སྒྲ,4,0.018560623636954203
ཕན་,4,0.018560623636954203
བདུད་རྩི,4,0.018560623636954203
གཟུགས་,4,0.018560623636954203
ཅི་ཡང་,4,0.018560623636954203
གོ་འཕང་,4,0.018560623636954203
མཁྱེན་,4,0.018560623636954203
ཤཱཀྱའི་,4,0.018560623636954203
གསུམ་པོ་,4,0.018560623636954203
བསྐུལ་བ,4,0.018560623636954203
དབུས་,4,0.018560623636954203
གཏན་པ་,4,0.018560623636954203
སྐྱིལ་མོ་ཀྲུང་,4,0.018560623636954203
དམ་བཅའ་བ་,4,0.018560623636954203
རྙེད་,4,0.018560623636954203
མཆོད་སྦྱིན་,4,0.018560623636954203
ལྷ་མོ་,4,0.018560623636954203
ཆོས,4,0.018560623636954203
ཟེར་,4,0.018560623636954203
གྲགས་པ་,4,0.018560623636954203
ཉེ་བ་,4,0.018560623636954203
བདུན་པ་,4,0.018560623636954203
རྙེད,4,0.018560623636954203
འདུག་པ,4,0.018560623636954203
གསོལ་པ,4,0.018560623636954203
ཞུས་པ,4,0.018560623636954203
གནང་,4,0.018560623636954203
དབྱེ་བ,4,0.018560623636954203
ལྡན,4,0.018560623636954203
སྟོང་ཕྲག་,4,0.018560623636954203
གང་ཡང་,4,0.018560623636954203
འདྲ་བ་,4,0.018560623636954203
འགྲོ,4,0.018560623636954203
སྒྲོན་མ་,4,0.018560623636954203
གདུལ་བ,4,0.018560623636954203
ལ་ལ་,4,0.018560623636954203
བཀོད,4,0.018560623636954203
བས་,4,0.018560623636954203
བུས་,4,0.018560623636954203
ཁུར་,4,0.018560623636954203
མཐོང་བ་,4,0.018560623636954203
གནས་བརྟན་,4,0.018560623636954203
དྲངས,4,0.018560623636954203
གྱད་,4,0.018560623636954203
གཏོགས་པ་,4,0.018560623636954203
འདི་ལྟར་,4,0.018560623636954203
ཀ,4,0.018560623636954203
སྦྱིན་བདག་,4,0.018560623636954203
འདའ་,4,0.018560623636954203
མཁན་,4,0.018560623636954203
ཀུན་དགའ་,4,0.018560623636954203
བོས་,4,0.018560623636954203
སྒྲོལ་བ,4,0.018560623636954203
འདེབས་པ་,4,0.018560623636954203
ཟླ་,4,0.018560623636954203
བཅས་པ,4,0.018560623636954203
གཙུག་ལག་ཁང་,4,0.018560623636954203
གྲགས་པ,4,0.018560623636954203
ཧུ་,4,0.018560623636954203
སྤྱད་,4,0.018560623636954203
མོ་,4,0.018560623636954203
ལུང་བསྟན་པ་,4,0.018560623636954203
སྣམ་ཕྲན་,4,0.018560623636954203
གནས་མ་,4,0.018560623636954203
རིག་པ,4,0.018560623636954203
གཉིས་པོ་,4,0.018560623636954203
འབྱེད་,4,0.018560623636954203
རྒྱ་གར་,4,0.018560623636954203
ཤེས་བྱེད་,4,0.018560623636954203
རྒྱུད་སྡེ,4,0.018560623636954203
ཚེ་རབས་,4,0.018560623636954203
མངོན་བྱང་,4,0.018560623636954203
བརྒྱན་པ,4,0.018560623636954203
ཟབ་པ་,4,0.018560623636954203
འབད་པ,4,0.018560623636954203
ཞི་ལྷག་,4,0.018560623636954203
སྐྱེ་མཆེད་,4,0.018560623636954203
རླུང་,4,0.018560623636954203
ཆོས་སྐུ,4,0.018560623636954203
ཆེ་བ་,4,0.018560623636954203
སྦྱོར་བ,4,0.018560623636954203
སྦྱོང་བ་,4,0.018560623636954203
ཚིམ་པ,4,0.018560623636954203
བཅིངས་,4,0.018560623636954203
སྤྱི་,4,0.018560623636954203
རྩ་རྒྱུད་,4,0.018560623636954203
གཤིན་རྗེ,4,0.018560623636954203
གསུམ་པ,4,0.018560623636954203
མཁའ་འགྲོ་,4,0.018560623636954203
དྲ་བ་,4,0.018560623636954203
རང་སྣང་,4,0.018560623636954203
སྐུ་གསུམ་,4,0.018560623636954203
ངེས་,4,0.018560623636954203
དུས་གསུམ་,4,0.018560623636954203
ནད་,4,0.018560623636954203
ཉན་ཐོས་,4,0.018560623636954203
ནང་པ་,4,0.018560623636954203
སྒོ་གསུམ་,4,0.018560623636954203
སེམས་ལས་,4,0.018560623636954203
འབར་བ,4,0.018560623636954203
ལེའུ་,4,0.018560623636954203
བི་,4,0.018560623636954203
སྦྱོར་བ་,4,0.018560623636954203
སྤྱོད་འཇུག་,4,0.018560623636954203
དེ་ལྟ་,4,0.018560623636954203
འབྲེལ་པ,4,0.018560623636954203
ངེས་གཟུང་,4,0.018560623636954203
གཞི་བསྡུ་བ་,4,0.018560623636954203
རྣམ་རྟོག་,4,0.018560623636954203
སྟེགས་,4,0.018560623636954203
སན,4,0.018560623636954203
ཤུད,4,0.018560623636954203
བཏགས་པ་,4,0.018560623636954203
ལེགས་བཤད་,3,0.01392046772771565
སིད,3,0.01392046772771565
བདེ་གཤེགས་,3,0.01392046772771565
ཞི་བ་,3,0.01392046772771565
དམ་ཆོས་,3,0.01392046772771565
གྲངས་མེད་པ་,3,0.01392046772771565
སྔོན་རོལ་,3,0.01392046772771565
ད་ལྟ་,3,0.01392046772771565
ཕ་མ་,3,0.01392046772771565
སྨྲ་,3,0.01392046772771565
ཏོག་,3,0.01392046772771565
སྐྱེ་བོ,3,0.01392046772771565
སྤྲུལ་པ,3,0.01392046772771565
གཙང་མ,3,0.01392046772771565
འཚང་,3,0.01392046772771565
རྒྱ,3,0.01392046772771565
བསམ་,3,0.01392046772771565
མཛད,3,0.01392046772771565
ཕྱི་མ་,3,0.01392046772771565
དཀར་པོ་,3,0.01392046772771565
ནམ་ཡང་,3,0.01392046772771565
མཁས་པ་,3,0.01392046772771565
ཆོས་སྟོན་པ་,3,0.01392046772771565
མངའ་,3,0.01392046772771565
བློ་གྲོས་,3,0.01392046772771565
ལུང་བསྟན་,3,0.01392046772771565
སེང་གེ,3,0.01392046772771565
གཟིགས་པ་,3,0.01392046772771565
གཟིགས,3,0.01392046772771565
བཙུན་མོ་,3,0.01392046772771565
ཚེ་ལོ་,3,0.01392046772771565
འཆི་,3,0.01392046772771565
འཕོ་,3,0.01392046772771565
དད་པ་,3,0.01392046772771565
རྙོག་མ་,3,0.01392046772771565
སྦྱངས་པ,3,0.01392046772771565
ལུས་ངག་,3,0.01392046772771565
མཐོང་བ,3,0.01392046772771565
མཐའ་དག་,3,0.01392046772771565
དཔལ་ལྡན་,3,0.01392046772771565
ཅོད་པན་,3,0.01392046772771565
ཁོ་བོ་,3,0.01392046772771565
ན་རེ,3,0.01392046772771565
མགོ་བོ་,3,0.01392046772771565
དམར་,3,0.01392046772771565
འགྲམ་,3,0.01392046772771565
གླང་པོ་,3,0.01392046772771565
ཁོང་,3,0.01392046772771565
ལོན་པ་,3,0.01392046772771565
གོ་བ,3,0.01392046772771565
རི་རབ་,3,0.01392046772771565
བཏགས,3,0.01392046772771565
མཁས་པ,3,0.01392046772771565
སྲིན་བུ་,3,0.01392046772771565
ཡི་གེ་,3,0.01392046772771565
རྩིས་,3,0.01392046772771565
འཕོང་,3,0.01392046772771565
བེ་ཅོན་,3,0.01392046772771565
ཆེས་,3,0.01392046772771565
སེར་སྐྱ,3,0.01392046772771565
ནུས་པ་,3,0.01392046772771565
བོར་,3,0.01392046772771565
ཕྱི་རོལ་,3,0.01392046772771565
མདའ་,3,0.01392046772771565
འཕངས་པ་,3,0.01392046772771565
སྐྱེས་,3,0.01392046772771565
བཞེས་,3,0.01392046772771565
མགོན་,3,0.01392046772771565
གྱུར་ཅིག་,3,0.01392046772771565
མྱ་ངན་མེད་,3,0.01392046772771565
ཆས་པ་,3,0.01392046772771565
སྟེར་བ,3,0.01392046772771565
དབུ་སྐྲ་,3,0.01392046772771565
དྲངས་,3,0.01392046772771565
བསྒོམ་པ,3,0.01392046772771565
སྲིད་པ,3,0.01392046772771565
བརྙེས་པ,3,0.01392046772771565
རེ,3,0.01392046772771565
བར་པ་,3,0.01392046772771565
ཡ,3,0.01392046772771565
ཱ་,3,0.01392046772771565
གྲུབ་,3,0.01392046772771565
འཇིག་པ,3,0.01392046772771565
དཔའ་,3,0.01392046772771565
འཚང་རྒྱ་བ,3,0.01392046772771565
ཅིའི་ཕྱིར་,3,0.01392046772771565
གྲུབ་པ་,3,0.01392046772771565
ཤིག,3,0.01392046772771565
ཕྱེད་,3,0.01392046772771565
འཐོན་,3,0.01392046772771565
མི་སྣང་བ,3,0.01392046772771565
དཔུང་,3,0.01392046772771565
ཆགས་པ,3,0.01392046772771565
མགོན་པོ་,3,0.01392046772771565
ཐོ་རངས་,3,0.01392046772771565
བརྡུང་,3,0.01392046772771565
སེང་གེ་,3,0.01392046772771565
དྲུག་པ་,3,0.01392046772771565
ལྷུང་བཟེད་,3,0.01392046772771565
ཚངས་པ,3,0.01392046772771565
བསྒྲུབས་,3,0.01392046772771565
དུང་,3,0.01392046772771565
འཚལ་བ,3,0.01392046772771565
རྒྱུན་,3,0.01392046772771565
ཐོགས་,3,0.01392046772771565
བཅས,3,0.01392046772771565
ཁ,3,0.01392046772771565
གར་,3,0.01392046772771565
རིན་པོ་ཆེ,3,0.01392046772771565
གུས་པ་,3,0.01392046772771565
ཆོས་གོས་,3,0.01392046772771565
བྱ་རྒོད་,3,0.01392046772771565
ཕུང་པོ,3,0.01392046772771565
རྒྱས་,3,0.01392046772771565
ཐ་དད་,3,0.01392046772771565
མི,3,0.01392046772771565
བྱོན་པ,3,0.01392046772771565
འཚོ་བ,3,0.01392046772771565
ཕྱི་དྲོ་,3,0.01392046772771565
པུར་,3,0.01392046772771565
ཁྱབ་འཇུག་,3,0.01392046772771565
མ་གཏོགས་པ་,3,0.01392046772771565
བྲེ་བོ་,3,0.01392046772771565
ཀླུ་,3,0.01392046772771565
ཡིད་འོང་,3,0.01392046772771565
དངོས་པོ་,3,0.01392046772771565
བཅུག་,3,0.01392046772771565
བླངས་,3,0.01392046772771565
སྡོམ་,3,0.01392046772771565
མཁས་,3,0.01392046772771565
སྟོང་པ་,3,0.01392046772771565
ཞེ་སྡང་,3,0.01392046772771565
འོག་,3,0.01392046772771565
འཛིན་པ་,3,0.01392046772771565
ག་ལ་,3,0.01392046772771565
གློད་,3,0.01392046772771565
དགྲ་བཅོམ་པ,3,0.01392046772771565
རིང་པོ,3,0.01392046772771565
ལོན་པ,3,0.01392046772771565
སྡུད་པ་པོ,3,0.01392046772771565
བྱམས་པ་,3,0.01392046772771565
ཉི་མ,3,0.01392046772771565
གུང་པ་,3,0.01392046772771565
བསྒྲུབས་པ,3,0.01392046772771565
རྩོད་པ་,3,0.01392046772771565
སྔར་བཞིན་,3,0.01392046772771565
ཉེས་པ་,3,0.01392046772771565
འདུས་,3,0.01392046772771565
ཆོག་,3,0.01392046772771565
འཇོག་,3,0.01392046772771565
བརྩེགས་པ,3,0.01392046772771565
སྡེ་པ་,3,0.01392046772771565
ཐ་དད་པ,3,0.01392046772771565
ཕྱེ་,3,0.01392046772771565
མ་གཏོགས,3,0.01392046772771565
ཤར་,3,0.01392046772771565
གང་ཡིན་པ,3,0.01392046772771565
ཀླུ་སྒྲུབ་,3,0.01392046772771565
བརྟུལ་ཞུགས་,3,0.01392046772771565
ཐོགས་མེད་,3,0.01392046772771565
འབྲེལ་བ,3,0.01392046772771565
བམ་པོ་,3,0.01392046772771565
ཀརྨ་,3,0.01392046772771565
འབྱུང་གནས་,3,0.01392046772771565
དར་,3,0.01392046772771565
བསགས་པ,3,0.01392046772771565
སྤྲུལ་པ་,3,0.01392046772771565
རིས་,3,0.01392046772771565
ཀུན་རྫོབ་,3,0.01392046772771565
ཟབ་པ,3,0.01392046772771565
ལྟོས་པ,3,0.01392046772771565
གནད་,3,0.01392046772771565
འཕྲོ་,3,0.01392046772771565
བར་དོ,3,0.01392046772771565
ཡུལ་ཅན་,3,0.01392046772771565
བསྒྱུར་བ་,3,0.01392046772771565
ལྟོས་,3,0.01392046772771565
དཔེར་ན་,3,0.01392046772771565
སྦྱོར་,3,0.01392046772771565
ཡང་ན་,3,0.01392046772771565
ཟིན་པ་,3,0.01392046772771565
འབྱིན་པ,3,0.01392046772771565
ཆོས་སྐུ་,3,0.01392046772771565
གཙང་སྦྲ་,3,0.01392046772771565
རྗེའུ་རིགས་,3,0.01392046772771565
བདེ་མཆོག་,3,0.01392046772771565
གདོད་,3,0.01392046772771565
དུར་ཁྲོད་,3,0.01392046772771565
བཅངས་,3,0.01392046772771565
འཚེ་བ་,3,0.01392046772771565
སྐུ་གསུང་ཐུགས་,3,0.01392046772771565
འཕྲེང་བ,3,0.01392046772771565
མཆོག,3,0.01392046772771565
དཔུང་པ་,3,0.01392046772771565
ནོར་བུ,3,0.01392046772771565
སྒྲོལ་མ་,3,0.01392046772771565
བསྡུ་,3,0.01392046772771565
གཤེད་,3,0.01392046772771565
མ་རྒྱུད་,3,0.01392046772771565
དགའ་,3,0.01392046772771565
བསྡུས་པ་,3,0.01392046772771565
མངོན་,3,0.01392046772771565
གདམས་པ་,3,0.01392046772771565
ཐེག་མཆོག་,3,0.01392046772771565
ཀ་ར་,3,0.01392046772771565
ཐུགས་རྗེ་,3,0.01392046772771565
ཞི་,3,0.01392046772771565
སོགས་པ་,3,0.01392046772771565
རིམ་,3,0.01392046772771565
འགག་,3,0.01392046772771565
ཐལ་འགྱུར་,3,0.01392046772771565
ཨུ་པ་,3,0.01392046772771565
འབྲལ་,3,0.01392046772771565
ཨ་ནུ་,3,0.01392046772771565
ཕྲད་,3,0.01392046772771565
དགོད་པ་,3,0.01392046772771565
སྒྲུབ་པ་,3,0.01392046772771565
མ་ལ་,3,0.01392046772771565
ཉག་གཅིག་,3,0.01392046772771565
རང་རིག་,3,0.01392046772771565
ཕན་ཡོན་,3,0.01392046772771565
བསམ་པ་,3,0.01392046772771565
འཐད་པ་,3,0.01392046772771565
སྟུག་པོ་,3,0.01392046772771565
དུག་,3,0.01392046772771565
གསུང་རབ་,3,0.01392046772771565
སྒོ,3,0.01392046772771565
སྦྱིན་པ,3,0.01392046772771565
མཛད་པ་པོ་,3,0.01392046772771565
མཉན་པ,3,0.01392046772771565
ཞལ་སྔ་,3,0.01392046772771565
བརྩོན་པ,3,0.01392046772771565
ཚུལ་ཁྲིམས་,3,0.01392046772771565
བསམས་པ,3,0.01392046772771565
ཉེར་,3,0.01392046772771565
གུས་,3,0.01392046772771565
འདུན་པ་,3,0.01392046772771565
སྐྱོན་,3,0.01392046772771565
རྣ་བ་,3,0.01392046772771565
སྒྲིབ་པ་,3,0.01392046772771565
ཚུར་,3,0.01392046772771565
ཡེངས་པ,3,0.01392046772771565
སྦྱིན་པ་,3,0.01392046772771565
འཐོབ་པ་,3,0.01392046772771565
གསལ་བ་,3,0.01392046772771565
ངལ་གསོ་བ,3,0.01392046772771565
རང་བབས་,3,0.01392046772771565
སྦྱར་བ་,3,0.01392046772771565
སྙིང་ལས,3,0.01392046772771565
དོགས་པ་,3,0.01392046772771565
དམ་བཅའ་བ,3,0.01392046772771565
བསྒྱུར་བ,3,0.01392046772771565
བྲྀཏྟི་,3,0.01392046772771565
ཐཱི་,3,0.01392046772771565
ོརྟ་,3,0.01392046772771565
ནཱ་མ་,3,0.01392046772771565
བསྡུས་དོན་,3,0.01392046772771565
༅,2,0.009280311818477101
བི,2,0.009280311818477101
ཡཱ,2,0.009280311818477101
མུ,2,0.009280311818477101
ཧཱ,2,0.009280311818477101
དུ་མ,2,0.009280311818477101
བརྒྱན་,2,0.009280311818477101
ཕན་བདེ,2,0.009280311818477101
བདག་གཞན་,2,0.009280311818477101
སེལ་,2,0.009280311818477101
བླང་བ,2,0.009280311818477101
བསྡེབས་པ,2,0.009280311818477101
ཉན་ཐོས་པ་,2,0.009280311818477101
བདག་ཅག་,2,0.009280311818477101
བསྐོར་,2,0.009280311818477101
དགུང་ལོ་,2,0.009280311818477101
སངས་རྒྱས་པ་,2,0.009280311818477101
གཞལ་,2,0.009280311818477101
ཆེན་པོ་པ་,2,0.009280311818477101
དཀོན་མཆོག་,2,0.009280311818477101
སླར་ཡང་,2,0.009280311818477101
ཚོགས་གསོག་པ་,2,0.009280311818477101
དུས་བསྐལ་པ་,2,0.009280311818477101
གོང་རོལ་,2,0.009280311818477101
གངྒཱའི་,2,0.009280311818477101
དཔའ་བོ་,2,0.009280311818477101
ད་དུང་,2,0.009280311818477101
འདྲེན་པ་,2,0.009280311818477101
བྱེ་,2,0.009280311818477101
རྒྱུད་བླ་མ་,2,0.009280311818477101
གཡོས་པ,2,0.009280311818477101
དགྱེས་,2,0.009280311818477101
ངེས་འབྱུང་,2,0.009280311818477101
སྲིད་པ་,2,0.009280311818477101
ཇི་སྲིད་,2,0.009280311818477101
གནས་རི,2,0.009280311818477101
བཟུང་བ,2,0.009280311818477101
ཚིགས་,2,0.009280311818477101
བཅད་པ་,2,0.009280311818477101
རང་བྱུང་བ,2,0.009280311818477101
དྲན་,2,0.009280311818477101
མཛོད,2,0.009280311818477101
མཐོ་བ་,2,0.009280311818477101
མཉམ་པ་,2,0.009280311818477101
རིག་བྱེད་,2,0.009280311818477101
ཀློག་,2,0.009280311818477101
འབྱོན་པ,2,0.009280311818477101
ས་པ་,2,0.009280311818477101
བརྒྱ་པ་,2,0.009280311818477101
མི་འགྱུར་བ,2,0.009280311818477101
ལུས་སེམས་,2,0.009280311818477101
སྐྱེ་བ,2,0.009280311818477101
གནས་མཆོག་,2,0.009280311818477101
དགེ་བ,2,0.009280311818477101
དེ་ལྟ་བས་ན་,2,0.009280311818477101
ལྟུང་བ,2,0.009280311818477101
ཆ་བྱད་,2,0.009280311818477101
གཟི་བརྗིད་,2,0.009280311818477101
གཟུགས་བཟང་,2,0.009280311818477101
ཉ་བ་,2,0.009280311818477101
གཡས་,2,0.009280311818477101
གཞལ་ཡས་,2,0.009280311818477101
རྨི་ལམ་,2,0.009280311818477101
མཛེས་,2,0.009280311818477101
སྐུ་བལྟམས་པ,2,0.009280311818477101
ལུམྦི་,2,0.009280311818477101
ནཱིའི་,2,0.009280311818477101
ཤ,2,0.009280311818477101
གནོད་པ་,2,0.009280311818477101
ན་བཟའ་,2,0.009280311818477101
ལེན་པ་,2,0.009280311818477101
གོམ་པ་,2,0.009280311818477101
བར་སྣང་,2,0.009280311818477101
བལྟམས་,2,0.009280311818477101
བཙས,2,0.009280311818477101
གཡོ་བ་,2,0.009280311818477101
ཱའི་,2,0.009280311818477101
རྩིབས་,2,0.009280311818477101
རྡོ་,2,0.009280311818477101
རང་རང་,2,0.009280311818477101
ལྟས་,2,0.009280311818477101
སུམ་ཅུ་རྩ་གཉིས་,2,0.009280311818477101
ཅེས་བྱ་བ་,2,0.009280311818477101
མེ,2,0.009280311818477101
བལྟས་པ་,2,0.009280311818477101
རྩོད་པ,2,0.009280311818477101
རྒྱལ་,2,0.009280311818477101
གོ་ཆ་,2,0.009280311818477101
བསླངས་པ་,2,0.009280311818477101
ནུས་,2,0.009280311818477101
ལྷས་བྱིན་,2,0.009280311818477101
གླང་པོ་ཆེ་,2,0.009280311818477101
བསྣུན་,2,0.009280311818477101
ཤི་བ,2,0.009280311818477101
གཅུང་,2,0.009280311818477101
དགའ་བོ,2,0.009280311818477101
མཐེ་བོ,2,0.009280311818477101
བབས་,2,0.009280311818477101
ར་བ་,2,0.009280311818477101
ལྗོངས་,2,0.009280311818477101
འོབས་,2,0.009280311818477101
རྒྱང་རིང་,2,0.009280311818477101
མཁྱེན་པ་,2,0.009280311818477101
ལུས་ཅན་,2,0.009280311818477101
བདུན,2,0.009280311818477101
ལྕགས་,2,0.009280311818477101
ཕིགས,2,0.009280311818477101
ཤུལ་,2,0.009280311818477101
ཉི་ཁྲི,2,0.009280311818477101
སྤྱོད་,2,0.009280311818477101
མོས་,2,0.009280311818477101
འདུན་པ,2,0.009280311818477101
ཤིང་རྟ,2,0.009280311818477101
རྒ་,2,0.009280311818477101
ཆུ་བོ་,2,0.009280311818477101
གལ་ཏེ་,2,0.009280311818477101
རྟ་,2,0.009280311818477101
སུམ་ཅུ་རྩ་གསུམ་པ,2,0.009280311818477101
གོས་,2,0.009280311818477101
བསླབས་,2,0.009280311818477101
བསྟན,2,0.009280311818477101
ལྷག་,2,0.009280311818477101
སྤྱད་པ,2,0.009280311818477101
ནས་ཆུ་,2,0.009280311818477101
ནཻ་,2,0.009280311818477101
གསོལ་བ,2,0.009280311818477101
འདི་སྐད་,2,0.009280311818477101
དཀའ་ཐུབ་,2,0.009280311818477101
མཁྱེན་པ,2,0.009280311818477101
དབང་ཆེན་,2,0.009280311818477101
བརླབས་པ་,2,0.009280311818477101
རྗེ་,2,0.009280311818477101
ལྟེ་བ་,2,0.009280311818477101
ཕུར་པ,2,0.009280311818477101
འདོམ་,2,0.009280311818477101
གྱེན་,2,0.009280311818477101
འབྲིང་པོ་,2,0.009280311818477101
འོ་མ་,2,0.009280311818477101
སྐུ་ལུས་,2,0.009280311818477101
ཕྱིས་པ་,2,0.009280311818477101
ཕུལ་བ,2,0.009280311818477101
བཀྲ་ཤིས་,2,0.009280311818477101
བསྣམས་,2,0.009280311818477101
བཏིང་,2,0.009280311818477101
ཟག་མེད་,2,0.009280311818477101
སྐྱིལ་ཀྲུང་,2,0.009280311818477101
དཀ,2,0.009280311818477101
སྲོད་,2,0.009280311818477101
འགྱེད་པ,2,0.009280311818477101
བཟོད་,2,0.009280311818477101
ནམ,2,0.009280311818477101
བདེ,2,0.009280311818477101
མིན་པ,2,0.009280311818477101
གི,2,0.009280311818477101
ནུས་པ,2,0.009280311818477101
དུང་ཕྱུར་,2,0.009280311818477101
དེས་ན་,2,0.009280311818477101
མཚོན་ཆ་,2,0.009280311818477101
སྙན་པ,2,0.009280311818477101
སྒྱུ་,2,0.009280311818477101
བཏུལ,2,0.009280311818477101
གྱུར,2,0.009280311818477101
ལོག་པ་,2,0.009280311818477101
བཟོད་པ,2,0.009280311818477101
འདྲ,2,0.009280311818477101
ཟད་པ་,2,0.009280311818477101
བྱང་ཆུབ,2,0.009280311818477101
བརྙེས་པ་,2,0.009280311818477101
བཞི་པོ་,2,0.009280311818477101
བཞུགས,2,0.009280311818477101
བཅགས,2,0.009280311818477101
རྒྱུ,2,0.009280311818477101
བཟང་སྐྱོང་,2,0.009280311818477101
ཤིས་པ་,2,0.009280311818477101
སྤྲོས་བྲལ་,2,0.009280311818477101
ཐུགས་ལས་,2,0.009280311818477101
འབྱེད་པ,2,0.009280311818477101
སྦྲན་,2,0.009280311818477101
ནོར་བུ་,2,0.009280311818477101
གཡུལ་ལས་,2,0.009280311818477101
མུན་པ,2,0.009280311818477101
དབྱུང་,2,0.009280311818477101
མཆིས་,2,0.009280311818477101
ལགས་,2,0.009280311818477101
སྐྱེ་དགུ་,2,0.009280311818477101
བདེ་བླག་,2,0.009280311818477101
གནང་བ་,2,0.009280311818477101
འབྲེལ་བ་,2,0.009280311818477101
སྒོ་མོ་,2,0.009280311818477101
རྣ་བ,2,0.009280311818477101
འཚེ་,2,0.009280311818477101
དབྱེ,2,0.009280311818477101
བསྐོར,2,0.009280311818477101
ཉུང་བ་,2,0.009280311818477101
སཱི་,2,0.009280311818477101
དེ་ཕྱིར་,2,0.009280311818477101
ཁྲིམས་,2,0.009280311818477101
བཅའ་བ་,2,0.009280311818477101
གོའུ་,2,0.009280311818477101
གཅིག་པུ,2,0.009280311818477101
ཟག་པ་,2,0.009280311818477101
དགྲ་བཅོམ་,2,0.009280311818477101
འདྲ་,2,0.009280311818477101
སྡིག་པ,2,0.009280311818477101
རྒྱལ,2,0.009280311818477101
དེ་བ,2,0.009280311818477101
ས་ཕྱོགས་,2,0.009280311818477101
བསྐོར་བ་,2,0.009280311818477101
བསྙེན་པ,2,0.009280311818477101
གདུགས་,2,0.009280311818477101
ལ་ལ,2,0.009280311818477101
འཕྲིན་,2,0.009280311818477101
ཡོད,2,0.009280311818477101
རྒྱུ་ལ་,2,0.009280311818477101
བརྡུངས་,2,0.009280311818477101
ལྟ་,2,0.009280311818477101
ནཱ་,2,0.009280311818477101
སྦྱང་བ་,2,0.009280311818477101
འབར་,2,0.009280311818477101
ཚེམས་,2,0.009280311818477101
ཀྲོ་,2,0.009280311818477101
ལིཙྪ་,2,0.009280311818477101
བརྒྱད་པ་,2,0.009280311818477101
ནང་བྱན་,2,0.009280311818477101
དབྱར་,2,0.009280311818477101
བཅུག་པ,2,0.009280311818477101
སོལ་བ་,2,0.009280311818477101
ཁྱེའུ་,2,0.009280311818477101
ནྱ་གྲོ་,2,0.009280311818477101
སྤྱན་ལྡན་,2,0.009280311818477101
སྐྱེས་མཆོག་,2,0.009280311818477101
བགོས་པ་,2,0.009280311818477101
བཅུར་,2,0.009280311818477101
གཙོ,2,0.009280311818477101
མ་ཚང་,2,0.009280311818477101
བ་ལང་,2,0.009280311818477101
གང་པོ,2,0.009280311818477101
ཆད་,2,0.009280311818477101
ཚར་,2,0.009280311818477101
མོད་,2,0.009280311818477101
སྤྱོ་,2,0.009280311818477101
འདྲི་,2,0.009280311818477101
རྨེད་,2,0.009280311818477101
དེང་,2,0.009280311818477101
ལྷག་པར་,2,0.009280311818477101
སྦ་བ་,2,0.009280311818477101
གྲོང་པ,2,0.009280311818477101
ཞུས་,2,0.009280311818477101
དཀའ་བ,2,0.009280311818477101
རེས་འགའ་,2,0.009280311818477101
བྲྀ་,2,0.009280311818477101
ཛིའི་,2,0.009280311818477101
གདམས་ངག་,2,0.009280311818477101
སྒོམ་,2,0.009280311818477101
མངོན་ཤེས་,2,0.009280311818477101
བརྟགས་པ,2,0.009280311818477101
རི,2,0.009280311818477101
འདེབས་,2,0.009280311818477101
སྣམ་སྦྱར་,2,0.009280311818477101
འབུམ་ཕྲག་,2,0.009280311818477101
མདོ་སྡེ་,2,0.009280311818477101
ད་ནི་,2,0.009280311818477101
བསལ་བ,2,0.009280311818477101
ཞར་,2,0.009280311818477101
ཁབ་པ་,2,0.009280311818477101
ཁ་ཆེ,2,0.009280311818477101
སྙིང་རྗེ་,2,0.009280311818477101
ཇི་ཙམ་,2,0.009280311818477101
འདོད,2,0.009280311818477101
ཡུན་,2,0.009280311818477101
འོ་ན་,2,0.009280311818477101
བཅད་པ,2,0.009280311818477101
ཆོས་རྒྱལ་,2,0.009280311818477101
བརྩམས་,2,0.009280311818477101
གྱེས་པ,2,0.009280311818477101
ལན་ཚྭ་,2,0.009280311818477101
སྲོག་ཆགས་,2,0.009280311818477101
ཕྱིན་,2,0.009280311818477101
མ་ཡིན་པ་,2,0.009280311818477101
མཐོ་གང་,2,0.009280311818477101
ཉེར་སྦས་,2,0.009280311818477101
གྱེས་པ་,2,0.009280311818477101
སྲུངས་པ,2,0.009280311818477101
རི་བོ,2,0.009280311818477101
བཏགས་པ,2,0.009280311818477101
ཤ་,2,0.009280311818477101
ཤཱ་,2,0.009280311818477101
ཐ་མལ་པ་,2,0.009280311818477101
བརྟན་པ་,2,0.009280311818477101
ཆོས་མ་,2,0.009280311818477101
མངོན་སུམ་,2,0.009280311818477101
ཚད་མ,2,0.009280311818477101
འཆོས་སྐྱོབ་,2,0.009280311818477101
ངན་འགྲོ་,2,0.009280311818477101
མངོན་པ་,2,0.009280311818477101
རིགས་པ,2,0.009280311818477101
སྤྱན་རས་,2,0.009280311818477101
དབུ་མ་,2,0.009280311818477101
རྒྱུད་བླ་མ,2,0.009280311818477101
ཚད་མ་,2,0.009280311818477101
བཏུས་,2,0.009280311818477101
ཤཱཀྱ་འོད་,2,0.009280311818477101
གླང་པོ་ཆེ,2,0.009280311818477101
ཤཱི་,2,0.009280311818477101
མདོར་ན་,2,0.009280311818477101
རྙིང་མ,2,0.009280311818477101
གསུང་བ་པོ་,2,0.009280311818477101
འཐོབ་,2,0.009280311818477101
སྦྱོང་,2,0.009280311818477101
བསགས་,2,0.009280311818477101
ཐག,2,0.009280311818477101
ཏིང་འཛིན་,2,0.009280311818477101
འཛིན,2,0.009280311818477101
བསྒྲུབ་,2,0.009280311818477101
རྨོངས་པ་,2,0.009280311818477101
འཇལ་བ་,2,0.009280311818477101
དོན་དམ་,2,0.009280311818477101
དམིགས་པ,2,0.009280311818477101
དམིགས་,2,0.009280311818477101
མང་བ,2,0.009280311818477101
བསྐྱེད་རིམ་,2,0.009280311818477101
འཆར་བ,2,0.009280311818477101
རྐྱེན་,2,0.009280311818477101
འབྱོར་པ་,2,0.009280311818477101
མཚོན་,2,0.009280311818477101
རྣོ་རྟུལ་,2,0.009280311818477101
གཅོད་པ་,2,0.009280311818477101
ཆོད་,2,0.009280311818477101
རེག་པ,2,0.009280311818477101
གམ་,2,0.009280311818477101
ཊི་,2,0.009280311818477101
རུ,2,0.009280311818477101
ཉིན་,2,0.009280311818477101
གསོད་པ་,2,0.009280311818477101
དགོས,2,0.009280311818477101
སྐྱེས་མ་,2,0.009280311818477101
ཐོད་པ,2,0.009280311818477101
འདའ,2,0.009280311818477101
བཞག་པ་,2,0.009280311818477101
འགྲུབ་པ་,2,0.009280311818477101
ཕྱིར་ཡང་,2,0.009280311818477101
སྔ་མ་,2,0.009280311818477101
བརྗོད,2,0.009280311818477101
དམངས་རིགས་,2,0.009280311818477101
གདོལ་བ་,2,0.009280311818477101
གྲོལ་བ་,2,0.009280311818477101
འདུལ་,2,0.009280311818477101
བྱ་སྤྱོད་,2,0.009280311818477101
གུར་,2,0.009280311818477101
དམན་པ་,2,0.009280311818477101
ལྟག་,2,0.009280311818477101
ཟས་,2,0.009280311818477101
ཟ་,2,0.009280311818477101
ཕན་ཚུན་,2,0.009280311818477101
སུམ་,2,0.009280311818477101
ཉིས་,2,0.009280311818477101
རྩོད་,2,0.009280311818477101
བལྟས་པ,2,0.009280311818477101
འཁྱུད་པ་,2,0.009280311818477101
རྣམ་སྣང་,2,0.009280311818477101
གཟུང་བ་,2,0.009280311818477101
གླུ,2,0.009280311818477101
བྱུང་ཚུལ་,2,0.009280311818477101
ཀ་ར,2,0.009280311818477101
འབུམ་,2,0.009280311818477101
རྩེ་མོ,2,0.009280311818477101
ཕ་,2,0.009280311818477101
བཏུས་པ,2,0.009280311818477101
འཕྲོས་པ་,2,0.009280311818477101
འབའ་ཞིག་,2,0.009280311818477101
ཕ,2,0.009280311818477101
ཕ་རྒྱུད་,2,0.009280311818477101
བཤད,2,0.009280311818477101
ཐོག་མ་,2,0.009280311818477101
རེ་རེ,2,0.009280311818477101
ཞིང་ཁམས་,2,0.009280311818477101
སེམས་དཔའ,2,0.009280311818477101
རྟག་པ་,2,0.009280311818477101
གཉེན་པོ་,2,0.009280311818477101
ཆིག་སྟོང་,2,0.009280311818477101
མདོ་སྡེ,2,0.009280311818477101
ཡོ་ག,2,0.009280311818477101
ཨ་ནུ,2,0.009280311818477101
མདུན་,2,0.009280311818477101
ནམ་,2,0.009280311818477101
ཐམས་ཅད,2,0.009280311818477101
ཡེ་ཤེས་པ་,2,0.009280311818477101
མ་ཧཱ་ཡོ་ག་,2,0.009280311818477101
ཕྲ་མོ,2,0.009280311818477101
སྤང་བླང་,2,0.009280311818477101
བྱ་རྩོལ་,2,0.009280311818477101
རྟག་ཆད་,2,0.009280311818477101
ཟློས་པ,2,0.009280311818477101
ཕྱུང་,2,0.009280311818477101
ཡེ་གྲོལ་,2,0.009280311818477101
བློ་འདས་,2,0.009280311818477101
བས,2,0.009280311818477101
བཅིངས་པ,2,0.009280311818477101
རྩལ་,2,0.009280311818477101
རྫོགས་ཆེན་པོ,2,0.009280311818477101
ཡ་ལ,2,0.009280311818477101
པཱ་,2,0.009280311818477101
གཅོད་པ,2,0.009280311818477101
ལེ་ལག་,2,0.009280311818477101
བོད་,2,0.009280311818477101
ཟ་བྱེད་,2,0.009280311818477101
སྦྱིན་སྲེག་,2,0.009280311818477101
སྟོབས་པོ་,2,0.009280311818477101
ནག་པོ,2,0.009280311818477101
ཕུར་པ་,2,0.009280311818477101
ཧེ་རུ་ཀ,2,0.009280311818477101
མ་མོ་,2,0.009280311818477101
གཏོར་མ,2,0.009280311818477101
མཚོ་,2,0.009280311818477101
རྒྱུན་ཆགས་,2,0.009280311818477101
སྤྱི་ཆིངས,2,0.009280311818477101
རྒྱ་ཆད་,2,0.009280311818477101
ཕྱོགས་ལྷུང་,2,0.009280311818477101
མཐའ་དབུས་,2,0.009280311818477101
རྫོགས,2,0.009280311818477101
སྲོག་,2,0.009280311818477101
བསམ་པ,2,0.009280311818477101
ཏ་ལ་,2,0.009280311818477101
མ་ལུས་པ་,2,0.009280311818477101
བཀོད་,2,0.009280311818477101
དད་པ,2,0.009280311818477101
ཇི་ལྟ་བ་,2,0.009280311818477101
ཉན་པ་པོ,2,0.009280311818477101
བརྗོད་བྱ་,2,0.009280311818477101
འཆད་པ་,2,0.009280311818477101
འཆད་པ,2,0.009280311818477101
ཧ་ཅང་,2,0.009280311818477101
དྲགས་པ་,2,0.009280311818477101
ཁྱིམ་བདག་,2,0.009280311818477101
ས་བོན་,2,0.009280311818477101
ཐུག་མེད་,2,0.009280311818477101
ཡིན་པ་,2,0.009280311818477101
གཅིག་པུ་,2,0.009280311818477101
འཇིགས་པ་,2,0.009280311818477101
མགོ་ཡན་,2,0.009280311818477101
ཚོགས་པ,2,0.009280311818477101
འདུས་མ་བྱས་པ་,2,0.009280311818477101
ལོངས་སྐུ་,2,0.009280311818477101
གཏོགས་པ,2,0.009280311818477101
བསྟུན་,2,0.009280311818477101
ནོར་,2,0.009280311818477101
རྣམ་གཞག་,2,0.009280311818477101
ཆུད་པ,2,0.009280311818477101
རྩོམ་པ,2,0.009280311818477101
གཞུང་ལམ་,2,0.009280311818477101
གོང་,2,0.009280311818477101
རང་གཞན་,2,0.009280311818477101
འཕེལ་བ,2,0.009280311818477101
ཐར་ལམ་,2,0.009280311818477101
འདུ་ཤེས,2,0.009280311818477101
ལ་སྨན་,2,0.009280311818477101
ནད་པ,2,0.009280311818477101
ནན་ཏན་,2,0.009280311818477101
འཆད་པ་པོ་,2,0.009280311818477101
བརྩོན་,2,0.009280311818477101
སྦུབ་,2,0.009280311818477101
རྡོལ་,2,0.009280311818477101
ཟིན་,2,0.009280311818477101
མ་ཟིན་པ,2,0.009280311818477101
སྐྱོན་སེལ་,2,0.009280311818477101
རྣམ་བཤད་,2,0.009280311818477101
སྐྱོ་བ,2,0.009280311818477101
གཉིད་རྨུགས་,2,0.009280311818477101
སྐྱོ་བ་,2,0.009280311818477101
སྡུད་པ,2,0.009280311818477101
གཞག་,2,0.009280311818477101
འཕྲོས་པ,2,0.009280311818477101
རྩེ་གཅིག་,2,0.009280311818477101
བསམ་གཏན,2,0.009280311818477101
ཐེ་ཚོམ་,2,0.009280311818477101
འབུལ་བ,2,0.009280311818477101
བསྡམས་པ་,2,0.009280311818477101
ཡེངས་,2,0.009280311818477101
བླ་མ,2,0.009280311818477101
ལོག་པ,2,0.009280311818477101
དབབ་པ,2,0.009280311818477101
བརྒལ་ལན་,2,0.009280311818477101
སྐལ་བ་,2,0.009280311818477101
རྒྱས་པ་,2,0.009280311818477101
སྒོམ་པ་,2,0.009280311818477101
ནོ་,2,0.009280311818477101
སྔ་ཕྱི་,2,0.009280311818477101
དབབ་པ་,2,0.009280311818477101
ཐང་,2,0.009280311818477101
ཆད་པ་,2,0.009280311818477101
སྒྲོ་,2,0.009280311818477101
འཁྲུལ་སྣང་,2,0.009280311818477101
ཞི,2,0.009280311818477101
བརྒལ་བ་,2,0.009280311818477101
འཇིག་རྟེན་པ,2,0.009280311818477101
དངོས་མེད་,2,0.009280311818477101
དམིགས་པ་,2,0.009280311818477101
ལོག་རྟོག་,2,0.009280311818477101
ངག་ཙམ་,2,0.009280311818477101
རྟོགས་ལྡན་,2,0.009280311818477101
ཉིང་དགོས་,2,0.009280311818477101
སྐྱེས་བུ,2,0.009280311818477101
དོན་གྲུབ་པ,2,0.009280311818477101
བརྗོད་བྱ,2,0.009280311818477101
བླངས་པ,2,0.009280311818477101
བོད་སྐད་,2,0.009280311818477101
བྱེད་ལས,2,0.009280311818477101
འཕྲོ་བ,2,0.009280311818477101
འགྲེལ,2,0.009280311818477101
འབུལ་བ་,2,0.009280311818477101
ཨོ་རྒྱན་,2,0.009280311818477101
བསྲེས་པ,2,0.009280311818477101
བསྔགས་པ,2,0.009280311818477101
ལྕི་,2,0.009280311818477101
ཁུར་བ་,2,0.009280311818477101
ཉམ་ང,2,0.009280311818477101
འདོར་,2,0.009280311818477101
དབུགས་,2,0.009280311818477101
ཀ་དག་,2,0.009280311818477101
ཕར་,2,0.009280311818477101
བཞོན་པ་,2,0.009280311818477101
ལ་བཏགས་པ,2,0.009280311818477101
ཕྱག་རྒྱ,2,0.009280311818477101
ཡཱ་,2,0.009280311818477101
གཅིག་པ,2,0.009280311818477101
འཕྲེང་བ་,2,0.009280311818477101
གངས་རི་,2,0.009280311818477101
{1},1,0.004640155909238551
ཏྲི,1,0.004640155909238551
ཤྲཱ,1,0.004640155909238551
ནྟ,1,0.004640155909238551
ཀཱ,1,0.004640155909238551
ནཱཾ,1,0.004640155909238551
མཱ,1,0.004640155909238551
ནྱཱ,1,0.004640155909238551
རྠ,1,0.004640155909238551
བྷཱ,1,0.004640155909238551
ཥྭི,1,0.004640155909238551
ཏཾ,1,0.004640155909238551
དྲ,1,0.004640155909238551
ནཱ,1,0.004640155909238551
ཛ,1,0.004640155909238551
རཾ,1,0.004640155909238551
ༀ,1,0.004640155909238551
སྭ་,1,0.004640155909238551
སྟི་,1,0.004640155909238551
ཾ,1,0.004640155909238551
ཁྱབ,1,0.004640155909238551
སྤྲོ,1,0.004640155909238551
རབ་འབྱམས་,1,0.004640155909238551
ཚོགས་ལམ་,1,0.004640155909238551
གོམས་པ་,1,0.004640155909238551
ཛམྦུའི་,1,0.004640155909238551
ལྷག་མ་,1,0.004640155909238551
ལ་སོ་,1,0.004640155909238551
རྣོན་པོ་,1,0.004640155909238551
ཞིག,1,0.004640155909238551
ནད་པ་,1,0.004640155909238551
ཡོན་,1,0.004640155909238551
ཐོག་,1,0.004640155909238551
བསེ་རུ་,1,0.004640155909238551
མཐའ་རྟེན་,1,0.004640155909238551
རིམ་གྱིས་,1,0.004640155909238551
ཚོགས་སྦྱོར་,1,0.004640155909238551
བདུན་པ,1,0.004640155909238551
སློབ་,1,0.004640155909238551
མཛེས་པ་,1,0.004640155909238551
སྤྲུལ་པ་པོ་,1,0.004640155909238551
སེམས་བསྐྱེད་པ་,1,0.004640155909238551
མཇལ་བ,1,0.004640155909238551
བྱེ་མ་,1,0.004640155909238551
སྙེད་,1,0.004640155909238551
ཅེས་བྱ་བ,1,0.004640155909238551
ཐབས་མཁས་,1,0.004640155909238551
སྨིན་,1,0.004640155909238551
ཁྱོད,1,0.004640155909238551
སྟོང་བསམ་,1,0.004640155909238551
མཆོག་རབ་,1,0.004640155909238551
འཕོ་བ་,1,0.004640155909238551
བལྟམས་པ་,1,0.004640155909238551
བཟོ་,1,0.004640155909238551
དག་ཞིང་,1,0.004640155909238551
འཕོ་བ,1,0.004640155909238551
ཁྱམས་,1,0.004640155909238551
རོལ་མོ,1,0.004640155909238551
མཚུངས་མེད་,1,0.004640155909238551
མར་མེ་མཛད་,1,0.004640155909238551
ཁང་བཟང་,1,0.004640155909238551
ཆོས་སྟོན་,1,0.004640155909238551
ཟས་གཙང་,1,0.004640155909238551
སྐྱོ་ཤས་,1,0.004640155909238551
ཆུང་བ,1,0.004640155909238551
ཤས་,1,0.004640155909238551
སྙིགས་མ་,1,0.004640155909238551
བདོ་བ,1,0.004640155909238551
སྒྲོ་སྐུར་,1,0.004640155909238551
བརྒྱད་ཅུ་པ,1,0.004640155909238551
བརྒྱ་རྩ་,1,0.004640155909238551
བརྒྱད་པ,1,0.004640155909238551
དངས་པ,1,0.004640155909238551
བསྡོམས་པ,1,0.004640155909238551
མི་དགེ་བ་,1,0.004640155909238551
ཐོབ་བོ,1,0.004640155909238551
པུས་,1,0.004640155909238551
བབ་,1,0.004640155909238551
བག་མེད་,1,0.004640155909238551
ཇི་སྙེད་པ,1,0.004640155909238551
བསམས་པ་,1,0.004640155909238551
རྒྱུ་ལ,1,0.004640155909238551
གཟོ་བ,1,0.004640155909238551
མི་དགེ,1,0.004640155909238551
མྱོང་,1,0.004640155909238551
འགྱུར་ཏ་རེ,1,0.004640155909238551
རྒྱལ་ཚབ་,1,0.004640155909238551
བསྐོས་,1,0.004640155909238551
ཆ་ལུགས་,1,0.004640155909238551
ཇི་ལྟ་བུ,1,0.004640155909238551
དྲིས་པ་,1,0.004640155909238551
སྨྲས་པ་,1,0.004640155909238551
ལྷུང་བ,1,0.004640155909238551
གླང་ཆེན་,1,0.004640155909238551
ལུས་ཆེན་,1,0.004640155909238551
མཆོག་གྱུར་པ,1,0.004640155909238551
གཡོགས,1,0.004640155909238551
མཛེས,1,0.004640155909238551
ཟག་,1,0.004640155909238551
བྱི་བ་,1,0.004640155909238551
དཔྱིད་ཟླ་,1,0.004640155909238551
ཐ་ཆུང་,1,0.004640155909238551
སྐར་མ་,1,0.004640155909238551
ས་ག,1,0.004640155909238551
གསོ་སྦྱོང་,1,0.004640155909238551
གློ་,1,0.004640155909238551
སྐྱེ་གནས་,1,0.004640155909238551
ཁ་བ་,1,0.004640155909238551
དངུལ་,1,0.004640155909238551
མདོག་,1,0.004640155909238551
རྐང་ལག་,1,0.004640155909238551
སྡུག་,1,0.004640155909238551
འགྲོས་བཟང་,1,0.004640155909238551
ལུས་རྫོགས་,1,0.004640155909238551
བརྟན་པ,1,0.004640155909238551
བླག་,1,0.004640155909238551
ཡལ་ག་,1,0.004640155909238551
རྩིབ་མ,1,0.004640155909238551
ཁྲུས་གསོལ་,1,0.004640155909238551
རང་བྱོན་,1,0.004640155909238551
བོར་བ,1,0.004640155909238551
རྐང་,1,0.004640155909238551
བྱེ,1,0.004640155909238551
རྒྱལ་ཕྲན་,1,0.004640155909238551
བཙས་,1,0.004640155909238551
ཀོ་ས་ལ,1,0.004640155909238551
མཉན་ཡོད་,1,0.004640155909238551
འཕུར་,1,0.004640155909238551
ཚངས་,1,0.004640155909238551
གསལ་རྒྱལ,1,0.004640155909238551
འཕགས་རྒྱལ་,1,0.004640155909238551
མུ་ཁྱུད་,1,0.004640155909238551
ཤམ,1,0.004640155909238551
ྦྷ,1,0.004640155909238551
ིའི་བ་,1,0.004640155909238551
བརྒྱ་པ,1,0.004640155909238551
ཤར་པ་,1,0.004640155909238551
མ་མ་,1,0.004640155909238551
མཚོ་ཆེན་པོ་,1,0.004640155909238551
མཚན་མཁན་,1,0.004640155909238551
སྒྱུར་བ,1,0.004640155909238551
ངོས་,1,0.004640155909238551
སྣག་,1,0.004640155909238551
ཚ་བོ་,1,0.004640155909238551
ལྷན་ཅིག་,1,0.004640155909238551
ལོ་རྒྱུས་,1,0.004640155909238551
ས་བདག་,1,0.004640155909238551
རྟོག་པ་པོ་,1,0.004640155909238551
སྒྱུར་,1,0.004640155909238551
ཉེས་ལས་,1,0.004640155909238551
མུ་ཅོར་,1,0.004640155909238551
བཟོའི་,1,0.004640155909238551
ཡིག་,1,0.004640155909238551
དཔོན་,1,0.004640155909238551
སློབ་པ,1,0.004640155909238551
རྒྱལ་བུ,1,0.004640155909238551
ཤཱཀྱ་པ་,1,0.004640155909238551
ན་གཞོན་,1,0.004640155909238551
མངའ་བ་,1,0.004640155909238551
འགྲན་པ,1,0.004640155909238551
དེངས་,1,0.004640155909238551
དྲིལ་བསྒྲགས་པ་,1,0.004640155909238551
ཁྲོ,1,0.004640155909238551
ཐལ་མོ,1,0.004640155909238551
སྒོ་ཁང་,1,0.004640155909238551
མཇུག་མ་,1,0.004640155909238551
འཕངས་པ,1,0.004640155909238551
འཆགས་པ་,1,0.004640155909238551
རྡོ་བ་,1,0.004640155909238551
བཞུད,1,0.004640155909238551
བླངས,1,0.004640155909238551
འཕངས,1,0.004640155909238551
གདོན་,1,0.004640155909238551
ཟ,1,0.004640155909238551
འཕེན་པ,1,0.004640155909238551
ཏ་ལ,1,0.004640155909238551
ལྗོན་པ་,1,0.004640155909238551
སླ་ང་,1,0.004640155909238551
ཕ་གུ་,1,0.004640155909238551
བཙུགས་པ་,1,0.004640155909238551
ཕིགས་པ,1,0.004640155909238551
ཐལ་བ་,1,0.004640155909238551
ཕྱུང་བ,1,0.004640155909238551
ཁྲོན་པ་,1,0.004640155909238551
ས་འཚོ་,1,0.004640155909238551
དྲིལ་བུ་,1,0.004640155909238551
འཛིན་མ་,1,0.004640155909238551
ཟས་དཀར་,1,0.004640155909238551
སིལ་སྙན་,1,0.004640155909238551
སྐྱབས་,1,0.004640155909238551
དཔུང་གཉེན་,1,0.004640155909238551
ཅེས,1,0.004640155909238551
བཏབ,1,0.004640155909238551
འགྲོ་ཕན་,1,0.004640155909238551
སྨོན་,1,0.004640155909238551
བྱོས,1,0.004640155909238551
འཆི་མེད་,1,0.004640155909238551
ཉམ་ཐག་,1,0.004640155909238551
ཚིམ་,1,0.004640155909238551
མཐོང་དྲན་,1,0.004640155909238551
ཁ་ལོ་,1,0.004640155909238551
འཆི,1,0.004640155909238551
ཡོད་མེད་,1,0.004640155909238551
ཡིད་འོང་བ,1,0.004640155909238551
ཕྱིར་ལོག་,1,0.004640155909238551
ཁོར་ཡུག་,1,0.004640155909238551
བསྲུངས་,1,0.004640155909238551
ཆིབས་པ,1,0.004640155909238551
རྟ་རྨིག་,1,0.004640155909238551
བཏེག་,1,0.004640155909238551
བཞ,1,0.004640155909238551
ཕྱིར་སློག,1,0.004640155909238551
སེན་མོ,1,0.004640155909238551
ཤ་ན,1,0.004640155909238551
ངུར་སྨྲིག་,1,0.004640155909238551
བརྗེས་,1,0.004640155909238551
ཕུར་,1,0.004640155909238551
རངས་,1,0.004640155909238551
འབོགས་,1,0.004640155909238551
རཉྫ་,1,0.004640155909238551
མཁའ་ཁྱབ་,1,0.004640155909238551
ཉག་མ་,1,0.004640155909238551
ཆུ་ཐིགས་པ་,1,0.004640155909238551
གྲག་,1,0.004640155909238551
སྲས་པོ་,1,0.004640155909238551
གནག་པ་,1,0.004640155909238551
མགོན་མེད་པ,1,0.004640155909238551
འགྲོངས་པ,1,0.004640155909238551
རམ,1,0.004640155909238551
ལམ་བཟང་པོ་,1,0.004640155909238551
ཁ་ཟས་,1,0.004640155909238551
རགས་པ་,1,0.004640155909238551
མ་མོ,1,0.004640155909238551
སྤོང་བ་,1,0.004640155909238551
རྩེར་,1,0.004640155909238551
བྲག་,1,0.004640155909238551
རལ་,1,0.004640155909238551
ཞིང་ས་,1,0.004640155909238551
གཡོས་པ་,1,0.004640155909238551
ཚོལ་,1,0.004640155909238551
ཅིག་པ,1,0.004640155909238551
ས་གཞི་,1,0.004640155909238551
ཐུག་,1,0.004640155909238551
འོག་རྡོ་,1,0.004640155909238551
རྒྱ་གྲམ་,1,0.004640155909238551
ལས་བྱང་,1,0.004640155909238551
ཆུབ་,1,0.004640155909238551
རྩེ་,1,0.004640155909238551
ལངས་པ,1,0.004640155909238551
ཁོང་གསེང་,1,0.004640155909238551
གྱི་ཐང་,1,0.004640155909238551
མདའ་རྒྱང་,1,0.004640155909238551
ཕ་ལམ་,1,0.004640155909238551
གདན་ཁྲི་,1,0.004640155909238551
དཔངས་,1,0.004640155909238551
ཁྲུ་,1,0.004640155909238551
ཟོ་བ་,1,0.004640155909238551
དཔྱངས་པ་,1,0.004640155909238551
བཞུད་པ,1,0.004640155909238551
ལེགས་སྐྱེས་,1,0.004640155909238551
མས་,1,0.004640155909238551
བ་མེན་,1,0.004640155909238551
ཉིང་,1,0.004640155909238551
བརྒྱུད་,1,0.004640155909238551
བསིངས་པ་,1,0.004640155909238551
བསྐོལ་,1,0.004640155909238551
དྲངས་པ,1,0.004640155909238551
མཆིས་པ,1,0.004640155909238551
ཀུན་གྲུབ་,1,0.004640155909238551
མཆོག་ལྡན་པ་,1,0.004640155909238551
འགྲུབ་,1,0.004640155909238551
གྱུར་ཅིག,1,0.004640155909238551
བཏབ་བོ,1,0.004640155909238551
འཚོང་,1,0.004640155909238551
བཞེས་པ་,1,0.004640155909238551
བྱོན,1,0.004640155909238551
བཅོམ་པ,1,0.004640155909238551
བརྟན་པོ་,1,0.004640155909238551
དེ་སྲིད་,1,0.004640155909238551
གཞིག་,1,0.004640155909238551
བསྐམས་,1,0.004640155909238551
པགས་པ་,1,0.004640155909238551
རུས་པ,1,0.004640155909238551
བསྐལ་,1,0.004640155909238551
བསྐྱོད་,1,0.004640155909238551
བདུད་འདུལ་བ,1,0.004640155909238551
དཀྲོགས་,1,0.004640155909238551
བཀོང་བ,1,0.004640155909238551
དགའ་རབ་,1,0.004640155909238551
རྔོན་པ,1,0.004640155909238551
བརྫུས་པ་,1,0.004640155909238551
སླད་,1,0.004640155909238551
དུའོ,1,0.004640155909238551
འཚང་རྒྱ་བ་,1,0.004640155909238551
སྐྱིད་,1,0.004640155909238551
མཛུབ་མོ་,1,0.004640155909238551
བསྒྲེངས་,1,0.004640155909238551
འགའ་,1,0.004640155909238551
ཕམ་,1,0.004640155909238551
བརྒྱ་ལ,1,0.004640155909238551
བརྡབས་,1,0.004640155909238551
སྙོམས་,1,0.004640155909238551
ཉེ་འཁོན་,1,0.004640155909238551
བརྫུན་,1,0.004640155909238551
བྱོས་,1,0.004640155909238551
བརྟན་མ་,1,0.004640155909238551
སྐུ་མདོག་,1,0.004640155909238551
བཙོ་མ་,1,0.004640155909238551
ས་ལས་,1,0.004640155909238551
རྡུལ་,1,0.004640155909238551
ཕྲ་རབ་,1,0.004640155909238551
དཀྱིལ་,1,0.004640155909238551
ཁོར་,1,0.004640155909238551
འདི་ཙམ་,1,0.004640155909238551
བགྲང་བ་,1,0.004640155909238551
མགོ་,1,0.004640155909238551
བྱིན་པ་,1,0.004640155909238551
བགྲང་བ,1,0.004640155909238551
བབ་བོ་,1,0.004640155909238551
སྐྱེངས་,1,0.004640155909238551
ཡུ་,1,0.004640155909238551
ཡུ་པོ,1,0.004640155909238551
འཇིགས་,1,0.004640155909238551
སྐྱི་བུང་,1,0.004640155909238551
བབ,1,0.004640155909238551
བསྟོད་དབྱངས་,1,0.004640155909238551
བཏུལ་བ,1,0.004640155909238551
གཡོན་ཅན་,1,0.004640155909238551
བརྫི་བ་,1,0.004640155909238551
ཟོལ་,1,0.004640155909238551
སླུ་བ,1,0.004640155909238551
རྒན་མོ་,1,0.004640155909238551
འགྱོད་,1,0.004640155909238551
སྐུ་ལྔ་,1,0.004640155909238551
ལྷུན་པོ་,1,0.004640155909238551
ལྷམ་,1,0.004640155909238551
མེ་བ,1,0.004640155909238551
མཆོག་གྱུར་,1,0.004640155909238551
སྔོན་བཞིན་,1,0.004640155909238551
དགུང་,1,0.004640155909238551
བཞག,1,0.004640155909238551
རྔ་,1,0.004640155909238551
རབ་ཏུ་གཡོ,1,0.004640155909238551
བཏུལ་,1,0.004640155909238551
རིགས་པ་,1,0.004640155909238551
བརྙེས་,1,0.004640155909238551
བཤིག་པ,1,0.004640155909238551
འཛམ་གླིང་,1,0.004640155909238551
ལ་སྟོང་,1,0.004640155909238551
བཏང་བཟུང་,1,0.004640155909238551
གཤེགས,1,0.004640155909238551
སྒྲོལ་,1,0.004640155909238551
ཚོང་དཔོན་,1,0.004640155909238551
ག་གོན་,1,0.004640155909238551
སྦྲང་རྩི་,1,0.004640155909238551
ཕུལ་བ་,1,0.004640155909238551
རྡོ,1,0.004640155909238551
ཟབ་ཞི་,1,0.004640155909238551
གསོལའདུས་,1,0.004640155909238551
མི་སྨྲ་,1,0.004640155909238551
ནགས་,1,0.004640155909238551
འདབ་,1,0.004640155909238551
གཞོལ་བ,1,0.004640155909238551
བཀྱེ་,1,0.004640155909238551
ཅི་སླད་,1,0.004640155909238551
དི་,1,0.004640155909238551
བཏང་སྙོམས་,1,0.004640155909238551
རྔ་བོ་,1,0.004640155909238551
འབུད་,1,0.004640155909238551
སྡོང་བུ་,1,0.004640155909238551
སྒྲེང་བ,1,0.004640155909238551
མར་མེ་,1,0.004640155909238551
སྦར་བ,1,0.004640155909238551
ཙནྡན་,1,0.004640155909238551
ཕྱེ་མ,1,0.004640155909238551
གཏོར་,1,0.004640155909238551
གཟའ་,1,0.004640155909238551
ཐར་བ་,1,0.004640155909238551
གྲོལ,1,0.004640155909238551
བཅིངས,1,0.004640155909238551
ཕན,1,0.004640155909238551
ཐ་བ་,1,0.004640155909238551
དཀྲིས་པ,1,0.004640155909238551
སྔོན་ཆད་,1,0.004640155909238551
རྡུལ་བྲལ་,1,0.004640155909238551
དེ་འོག་,1,0.004640155909238551
ལྷགས་,1,0.004640155909238551
ལྗོན་ཤིང་,1,0.004640155909238551
གྲིབ་མ་,1,0.004640155909238551
དྲུག་ཅུ,1,0.004640155909238551
ཎི་,1,0.004640155909238551
འདུད་པ,1,0.004640155909238551
འཚོ་བ་,1,0.004640155909238551
མཇལ་,1,0.004640155909238551
སྤྱད,1,0.004640155909238551
བསིལ་,1,0.004640155909238551
ང་ཉིད་,1,0.004640155909238551
ལྷ་མིན་,1,0.004640155909238551
དྲི་ཟ,1,0.004640155909238551
དོ་ཟླ,1,0.004640155909238551
འཆེའམ,1,0.004640155909238551
གང་དག་,1,0.004640155909238551
གསལ་ལྡན་,1,0.004640155909238551
ལོང་བ་,1,0.004640155909238551
སྤར་,1,0.004640155909238551
འོན་པ་,1,0.004640155909238551
རྔ་ཆེན་,1,0.004640155909238551
རང་ཞིག,1,0.004640155909238551
བལྡབས་པ,1,0.004640155909238551
ཟླ་མེད་པ,1,0.004640155909238551
བཅའ་བ,1,0.004640155909238551
ཟླུམ་པོ,1,0.004640155909238551
བགོ་བ,1,0.004640155909238551
ངེས་མེད་,1,0.004640155909238551
ཏུའང་,1,0.004640155909238551
གང་ཡོད་པ་,1,0.004640155909238551
སྐུ་དངོས་,1,0.004640155909238551
རྩྭ་མཆོག་,1,0.004640155909238551
མགུར་,1,0.004640155909238551
སྦྲིད་པ་,1,0.004640155909238551
བདག་མོ,1,0.004640155909238551
ཅིས་,1,0.004640155909238551
ས་བླ་,1,0.004640155909238551
ལེགས་པ་,1,0.004640155909238551
ཟེར་བ,1,0.004640155909238551
ལེ་ལོ་,1,0.004640155909238551
གེགས་,1,0.004640155909238551
བཟོད་གསོལ་,1,0.004640155909238551
དམྱལ་བ,1,0.004640155909238551
བལྟ,1,0.004640155909238551
མུ་སྟེགས་,1,0.004640155909238551
བརྫངས་པ་,1,0.004640155909238551
ཁྱེར་,1,0.004640155909238551
རྒྱུ་དག་,1,0.004640155909238551
འཕྲད་,1,0.004640155909238551
མནར་མེད་པ,1,0.004640155909238551
དམྱལ་བ་,1,0.004640155909238551
ཤ་འཁོན་,1,0.004640155909238551
མཐོ,1,0.004640155909238551
འུ་ཅག་,1,0.004640155909238551
མ་ཟད་,1,0.004640155909238551
ཆོམས་,1,0.004640155909238551
དབྱུག་པ,1,0.004640155909238551
འདམ་བུ་,1,0.004640155909238551
བཅོམ་པ་,1,0.004640155909238551
གྲྭར་,1,0.004640155909238551
གཏུམས་,1,0.004640155909238551
བསྐྱལ་,1,0.004640155909238551
གྲོགས་པོ་,1,0.004640155909238551
འཆི་བ་,1,0.004640155909238551
བྱ་ན་,1,0.004640155909238551
སྨོས་,1,0.004640155909238551
ལནྡར་,1,0.004640155909238551
སྔ་དྲོ་,1,0.004640155909238551
བུད་ཤིང་,1,0.004640155909238551
ཟད་པ,1,0.004640155909238551
མམ་,1,0.004640155909238551
ཤིང་སཱ་ལ་,1,0.004640155909238551
རྩ,1,0.004640155909238551
སིལ་བུ,1,0.004640155909238551
ལིངྐའི་,1,0.004640155909238551
སྲིན་པོ,1,0.004640155909238551
སྡིག་པ་,1,0.004640155909238551
གཡོ་བ,1,0.004640155909238551
བ་,1,0.004640155909238551
རི་བྲག་པ་,1,0.004640155909238551
བཱི་,1,0.004640155909238551
བསྲེགས་པ,1,0.004640155909238551
རེ་རེ་,1,0.004640155909238551
གླིང་པ,1,0.004640155909238551
ཐོབ,1,0.004640155909238551
སྐྱེས་བུ་མཆོག་,1,0.004640155909238551
གང་ཞིག་,1,0.004640155909238551
ལྷ་ཡུལ་,1,0.004640155909238551
ལིང་,1,0.004640155909238551
སྐྱ་,1,0.004640155909238551
སྣ,1,0.004640155909238551
བདུན་པོ་,1,0.004640155909238551
མཐུ་,1,0.004640155909238551
དབྱིག་འཛིན་,1,0.004640155909238551
ལྷ་དབང་,1,0.004640155909238551
ཀླུ་དབང་,1,0.004640155909238551
གནོད་སྦྱིན་,1,0.004640155909238551
བདག་པོ་,1,0.004640155909238551
བཀུར་,1,0.004640155909238551
བཀུར་སྟི་,1,0.004640155909238551
བཅོམ་ལྡན་,1,0.004640155909238551
སྡིག་ཅན་,1,0.004640155909238551
གཡོ,1,0.004640155909238551
བཱིས,1,0.004640155909238551
གངྷཱའི,1,0.004640155909238551
མ་གཏོགས་,1,0.004640155909238551
རིགས་མཆོག་,1,0.004640155909238551
བེ་,1,0.004640155909238551
བསྲེགས་,1,0.004640155909238551
གསོལ་འདེབས་,1,0.004640155909238551
བཞེད,1,0.004640155909238551
ལ་དུ,1,0.004640155909238551
གང་པོ་,1,0.004640155909238551
སྡུས་,1,0.004640155909238551
བསྒོ་བ་,1,0.004640155909238551
གཎྜཱི་,1,0.004640155909238551
ཤྲཱི་,1,0.004640155909238551
གཞལ་མེད་,1,0.004640155909238551
སྡོད་པ,1,0.004640155909238551
ཞུ་,1,0.004640155909238551
བསྒྲགས་པ,1,0.004640155909238551
ད་ཕྱིན་,1,0.004640155909238551
བསྒྲགས་,1,0.004640155909238551
སྤྱོ་བ,1,0.004640155909238551
ལེགས་,1,0.004640155909238551
གཏད་པ་,1,0.004640155909238551
ནོངས་པ་,1,0.004640155909238551
ཚུལ་ཤིང་,1,0.004640155909238551
ཞོག་,1,0.004640155909238551
བགྲང་,1,0.004640155909238551
ཞལ་སྐྱེམས་པ་,1,0.004640155909238551
དྲངས་པ་,1,0.004640155909238551
ཀུ་,1,0.004640155909238551
དཀྲུགས་པ,1,0.004640155909238551
འགེངས་པ,1,0.004640155909238551
བཏབ་པ་,1,0.004640155909238551
དྲན་འཛིན་,1,0.004640155909238551
ཉམས་པ,1,0.004640155909238551
རྐང་པ་,1,0.004640155909238551
རོ་ཞེས་,1,0.004640155909238551
རྡོག་པ,1,0.004640155909238551
དྲས་པ་,1,0.004640155909238551
ནུབ་པ་,1,0.004640155909238551
སྦ་བ,1,0.004640155909238551
ཞུ་བ་,1,0.004640155909238551
ཉེས་བྱས་པ,1,0.004640155909238551
བསྐྱངས་པ,1,0.004640155909238551
དྲིན་,1,0.004640155909238551
དྲིན་ལན་,1,0.004640155909238551
བསབ་,1,0.004640155909238551
བསླབ་པ,1,0.004640155909238551
ཕྲ་མོ་,1,0.004640155909238551
བག་ཡངས་,1,0.004640155909238551
ཕན་ཆད་,1,0.004640155909238551
བ་མ་,1,0.004640155909238551
ཞུས་པ་,1,0.004640155909238551
འཕྱ་བ,1,0.004640155909238551
དོགས་,1,0.004640155909238551
རྗེས་གནང་,1,0.004640155909238551
ཅི་ཞིག་,1,0.004640155909238551
བྱ་དེ་,1,0.004640155909238551
མཆིལ་ལྷམ་,1,0.004640155909238551
བསྐྲད་,1,0.004640155909238551
ཕོག་པ,1,0.004640155909238551
གྲུ་གཟིངས་,1,0.004640155909238551
ཐུན་,1,0.004640155909238551
འོད་མ,1,0.004640155909238551
ཨ་སུ་ར་བ་,1,0.004640155909238551
བྲག་ཕུག་,1,0.004640155909238551
བཞེད་པ,1,0.004640155909238551
ལུང་སྡེ་བཞི་,1,0.004640155909238551
ལོངས་པ་,1,0.004640155909238551
ཁ་ཏོན་,1,0.004640155909238551
མ་སྐྱེས་དགྲ,1,0.004640155909238551
མ་འོངས་པ,1,0.004640155909238551
སྒྲོ་འདོགས་པ་,1,0.004640155909238551
སྐུར་བ་,1,0.004640155909238551
མ་བྱུང་བ,1,0.004640155909238551
དུ་བ་,1,0.004640155909238551
ལང་ལོང་,1,0.004640155909238551
འཕྱ་བ་,1,0.004640155909238551
འཕྲོ,1,0.004640155909238551
གཡོན་,1,0.004640155909238551
རི་བོ་,1,0.004640155909238551
བྱ་རྐང་,1,0.004640155909238551
མ་འོངས་པ་,1,0.004640155909238551
ཁྲི,1,0.004640155909238551
ཅན་པ་,1,0.004640155909238551
བསྡུམ་པ,1,0.004640155909238551
དབུས་པ་,1,0.004640155909238551
མིང་,1,0.004640155909238551
མཁན་པོ,1,0.004640155909238551
བཞེད་པ་,1,0.004640155909238551
ཡུལདུ་,1,0.004640155909238551
ཚལ་པ་,1,0.004640155909238551
ཅན་པ,1,0.004640155909238551
སྤྱན་,1,0.004640155909238551
མཚོ་འགྲམ་,1,0.004640155909238551
འགོག་པ་,1,0.004640155909238551
སྩལ་,1,0.004640155909238551
ཅི་ཙམ་,1,0.004640155909238551
ཤོང་བ་,1,0.004640155909238551
རེ་འདོད,1,0.004640155909238551
སྡོད་,1,0.004640155909238551
ལུང་པ་,1,0.004640155909238551
ང་རང་,1,0.004640155909238551
ཀུསྨ་,1,0.004640155909238551
པུ་རི,1,0.004640155909238551
འགའ་ཞིག་,1,0.004640155909238551
རྨ་,1,0.004640155909238551
ཤོ་,1,0.004640155909238551
ལ་མོ,1,0.004640155909238551
ལྷ་ཆེན་པོ,1,0.004640155909238551
གནོད་,1,0.004640155909238551
དཀྲུགས་,1,0.004640155909238551
གདིང་,1,0.004640155909238551
རང་བ་,1,0.004640155909238551
བློ་བསྒྱུར་,1,0.004640155909238551
ན་བ་,1,0.004640155909238551
པད་པ,1,0.004640155909238551
འཇིབ་,1,0.004640155909238551
ཆང་,1,0.004640155909238551
འཐུངས་,1,0.004640155909238551
དགག་བྱ་,1,0.004640155909238551
བརྐོ་བ,1,0.004640155909238551
འདྲེས་པ,1,0.004640155909238551
རུང་ཆུ་,1,0.004640155909238551
དཔག་ཚད་,1,0.004640155909238551
རྒྱང་གྲགས་,1,0.004640155909238551
ཟ་མ་,1,0.004640155909238551
ལྷག་པོ,1,0.004640155909238551
ལ་སོ,1,0.004640155909238551
ལེན་པ,1,0.004640155909238551
བསྲེས་,1,0.004640155909238551
བཏུང་,1,0.004640155909238551
དཀྲུགས་པ་,1,0.004640155909238551
བརླབས་པ,1,0.004640155909238551
གདིང་བ་,1,0.004640155909238551
རྙིང་པ་,1,0.004640155909238551
གླན་པ,1,0.004640155909238551
ཁྲིའུ་,1,0.004640155909238551
གསེབ་,1,0.004640155909238551
འཁྱེར་,1,0.004640155909238551
ཁྱིམ་པ་,1,0.004640155909238551
སུམ་བརྒྱ་,1,0.004640155909238551
ཁ་ཆེ་,1,0.004640155909238551
ཀུན་དགའ་ར་བ,1,0.004640155909238551
ནིཥྐའོ,1,0.004640155909238551
ཀློག་པ,1,0.004640155909238551
སྡིག་ཏོ་,1,0.004640155909238551
དབྱེན་སྤྱོ,1,0.004640155909238551
བློང་,1,0.004640155909238551
བློང་པོ,1,0.004640155909238551
ཚན་ཚན་,1,0.004640155909238551
བཅད་,1,0.004640155909238551
མི་མཐུན་པ,1,0.004640155909238551
ངེད་,1,0.004640155909238551
སྐུར་པ་,1,0.004640155909238551
ལས་འཕྲོ,1,0.004640155909238551
ཁ་འཆམ་པ,1,0.004640155909238551
སོལ་,1,0.004640155909238551
བརྩད་པ་,1,0.004640155909238551
ནང་ཚན་,1,0.004640155909238551
གྱིས་པ་,1,0.004640155909238551
སྒྲ་གཅན་,1,0.004640155909238551
བསླབ་པ་,1,0.004640155909238551
སཾ་,1,0.004640155909238551
སྐྲྀ་,1,0.004640155909238551
ཨུཏྤལ་,1,0.004640155909238551
ཤིང་ལོ་,1,0.004640155909238551
ཕལ་ཆེན་པ་,1,0.004640155909238551
དབྱེན,1,0.004640155909238551
གངས་རི,1,0.004640155909238551
པྲ་,1,0.004640155909238551
ཀྲྀ་,1,0.004640155909238551
གཡུང་དྲུང་,1,0.004640155909238551
འཁྱིལ་པ་,1,0.004640155909238551
དཔལ་བེའུ,1,0.004640155909238551
གནས་བརྟན་པ་,1,0.004640155909238551
རྒྱལ་བྱེད་,1,0.004640155909238551
འཇིགས་མེད་,1,0.004640155909238551
སྨྱིག་མ་,1,0.004640155909238551
ཀཱ་,1,0.004640155909238551
ཏྱཱ་,1,0.004640155909238551
མཐའ་འཁོབ་,1,0.004640155909238551
ཨ་བ་,1,0.004640155909238551
བྷྲཾ་,1,0.004640155909238551
ཟུར་ཆག་པ་,1,0.004640155909238551
ཤ་ཟ་,1,0.004640155909238551
བཀུར་བ་,1,0.004640155909238551
བསྲུང་བ་པ,1,0.004640155909238551
འདེག་,1,0.004640155909238551
པི་,1,0.004640155909238551
ཙི་ཏ་,1,0.004640155909238551
མཐུན,1,0.004640155909238551
ཞིབ་,1,0.004640155909238551
ཁོ་བོ,1,0.004640155909238551
ནང་མཐུན་པ་,1,0.004640155909238551
ཐ་མ་པ,1,0.004640155909238551
ཏྲ་,1,0.004640155909238551
པུརྞི་,1,0.004640155909238551
མཚན་ཉིད,1,0.004640155909238551
ཡི་དམ་,1,0.004640155909238551
བཟོ,1,0.004640155909238551
གསོ་བ,1,0.004640155909238551
རྩོམ་པ་པོ་,1,0.004640155909238551
དགོངས་འགྲེལ་,1,0.004640155909238551
དགྲ་,1,0.004640155909238551
ལུས་འཆོས་པ་,1,0.004640155909238551
སྐྱོབ་པ་,1,0.004640155909238551
ཞལ་བཞུགས་པ་,1,0.004640155909238551
གཉིས་པ,1,0.004640155909238551
མཛོད་ཆེན་,1,0.004640155909238551
དབུ་མ,1,0.004640155909238551
དོན་འགྲེལ་བ,1,0.004640155909238551
གཏམ་,1,0.004640155909238551
བར་པ,1,0.004640155909238551
བཞི་བརྒྱ་པ་,1,0.004640155909238551
ལེགས་ལྡན་,1,0.004640155909238551
ཚིག་གསལ་བ་,1,0.004640155909238551
སྐུ་མཆེད་,1,0.004640155909238551
དྲོད་,1,0.004640155909238551
དར་བ,1,0.004640155909238551
ས་སྡེ་,1,0.004640155909238551
ཉི་ཤུ,1,0.004640155909238551
དབྱིག་གཉེན་,1,0.004640155909238551
ཊཱིཀ་,1,0.004640155909238551
རང་འགྲེལ་,1,0.004640155909238551
དོན་བསྡུས་,1,0.004640155909238551
ཙནྡྲ་,1,0.004640155909238551
གོ་མི,1,0.004640155909238551
ཙནྡྲ་པ་,1,0.004640155909238551
དཔའ་བོ,1,0.004640155909238551
རབས་,1,0.004640155909238551
ཏཾ་,1,0.004640155909238551
སུམ་བརྒྱ་པ་,1,0.004640155909238551
བི་མ་ལ,1,0.004640155909238551
ལུང་སྡེ་བཞི,1,0.004640155909238551
འཐུང་,1,0.004640155909238551
ཞི་བ་འཚོ,1,0.004640155909238551
ཀ་མ་ལ་,1,0.004640155909238551
སྒོམ་རིམ་,1,0.004640155909238551
འབྱེད་པ་,1,0.004640155909238551
ཤཱནྟི་པ,1,0.004640155909238551
རྣམ་གྲོལ་,1,0.004640155909238551
སྦས་པ,1,0.004640155909238551
ཇོ་བོ་,1,0.004640155909238551
དགོངས་འགྲེལ་བ,1,0.004640155909238551
གསར་མ་,1,0.004640155909238551
གསར་མ,1,0.004640155909238551
ཚེ་ཚད་,1,0.004640155909238551
མི་ཚེ་,1,0.004640155909238551
སྔ་མ,1,0.004640155909238551
རཉྫར,1,0.004640155909238551
ཐལ་བྱུང་,1,0.004640155909238551
ཆགས་,1,0.004640155909238551
བཟློག་,1,0.004640155909238551
ནམ་མཁ,1,0.004640155909238551
རྣམ་དག་པ,1,0.004640155909238551
ནམ་ཕྱེད་,1,0.004640155909238551
རྟོགས,1,0.004640155909238551
སངས་,1,0.004640155909238551
རྒྱ་བ,1,0.004640155909238551
ག་ལ་བ་,1,0.004640155909238551
འཇིག་རྟེན་པ་,1,0.004640155909238551
བསླངས་,1,0.004640155909238551
མི་མཇེད་,1,0.004640155909238551
གླིང་བཞི་པ་,1,0.004640155909238551
བར་མ,1,0.004640155909238551
ཕམ་པ,1,0.004640155909238551
སྒྲུབ་པ,1,0.004640155909238551
མང་བ་,1,0.004640155909238551
དཀའ་ལས་,1,0.004640155909238551
ཆུང་བ་,1,0.004640155909238551
གཏན་ཚིགས་,1,0.004640155909238551
གཞིགས་,1,0.004640155909238551
རྗེས་དཔག་,1,0.004640155909238551
གཞལ་བ,1,0.004640155909238551
བློ,1,0.004640155909238551
འཇོག་པ,1,0.004640155909238551
བདེན་པ,1,0.004640155909238551
བླང་དོར་,1,0.004640155909238551
ཡིད་དཔྱོད་,1,0.004640155909238551
བསྟུན་པ་,1,0.004640155909238551
སྐད་ཅིག,1,0.004640155909238551
དོན་དམ་པ,1,0.004640155909238551
ལས་སྣང་བ,1,0.004640155909238551
ཆོས་ཕུང་པོ་,1,0.004640155909238551
རེ་བ་,1,0.004640155909238551
གམ,1,0.004640155909238551
འམ,1,0.004640155909238551
འགྱང་བ,1,0.004640155909238551
རྨོངས་པ,1,0.004640155909238551
སྤང་བྱ་,1,0.004640155909238551
སྤང་བ་,1,0.004640155909238551
སྤང་,1,0.004640155909238551
འགེགས་,1,0.004640155909238551
གྱ་ནོམ་,1,0.004640155909238551
འབེབས་པ་,1,0.004640155909238551
ཡོ་བྱད་,1,0.004640155909238551
སྔོན་ལས་,1,0.004640155909238551
ཚོང་,1,0.004640155909238551
སོ་ནམ་,1,0.004640155909238551
གནོད་གནས་,1,0.004640155909238551
སྒྲུབ་ཐབས་,1,0.004640155909238551
དུ་ཡོད་པ,1,0.004640155909238551
སྤོང་,1,0.004640155909238551
ལེན་,1,0.004640155909238551
དཀའ་སྤྱད་,1,0.004640155909238551
བུན་,1,0.004640155909238551
དུའང་,1,0.004640155909238551
རྨོངས་,1,0.004640155909238551
འཕགས,1,0.004640155909238551
མྱུར་བ་,1,0.004640155909238551
རྟུལ་བ་,1,0.004640155909238551
ཟེར,1,0.004640155909238551
རྣོ་བ་,1,0.004640155909238551
ཉེ་རིང་,1,0.004640155909238551
སམྤུ་,1,0.004640155909238551
བྲལ་,1,0.004640155909238551
བུ་ག་,1,0.004640155909238551
འཕྲལ་,1,0.004640155909238551
མཚམས་མེད་,1,0.004640155909238551
ཆོམ་རྐུན་,1,0.004640155909238551
ལོངས་སྤྱོད་པ,1,0.004640155909238551
གོས་པ,1,0.004640155909238551
ཞལ་ལུང་,1,0.004640155909238551
སྐུར་,1,0.004640155909238551
འགྲུབ,1,0.004640155909238551
སྨོས་ཅི་,1,0.004640155909238551
བདག,1,0.004640155909238551
བློ་ལྡན་,1,0.004640155909238551
འཐོབ,1,0.004640155909238551
བསྒོམས་,1,0.004640155909238551
རྣལ་འབྱོར་པ་,1,0.004640155909238551
བརྩོན,1,0.004640155909238551
འཕྲུལ་,1,0.004640155909238551
བསྣུན་པ,1,0.004640155909238551
འབྲས་བུ་ཆེ་བ,1,0.004640155909238551
ལས་འབྲས་,1,0.004640155909238551
གཟུགས་སྐུ་,1,0.004640155909238551
མི་རིགས་,1,0.004640155909238551
གཙང་,1,0.004640155909238551
བསྟུན,1,0.004640155909238551
ལྷག,1,0.004640155909238551
དམངས་,1,0.004640155909238551
མཛེས་མ་,1,0.004640155909238551
བློ་རིགས་,1,0.004640155909238551
རྣལ་འབྱོར,1,0.004640155909238551
འགྲིབས་,1,0.004640155909238551
སཱ་,1,0.004640155909238551
ལུའི་,1,0.004640155909238551
ལྗང་པ་,1,0.004640155909238551
ཕོ་མོ,1,0.004640155909238551
དོད་,1,0.004640155909238551
སྦྱང་གཞི་,1,0.004640155909238551
བགད་པ,1,0.004640155909238551
ལག་པ་,1,0.004640155909238551
སྦྱར་པ,1,0.004640155909238551
བགད་པ་,1,0.004640155909238551
སམྦུ་,1,0.004640155909238551
བལྟ་,1,0.004640155909238551
དགོད་,1,0.004640155909238551
གཞན་འཕྲུལ་,1,0.004640155909238551
འཕྲུལ་དགའ,1,0.004640155909238551
མཚེ་མ,1,0.004640155909238551
སུམ་ཅུ་རྩ་གསུམ་,1,0.004640155909238551
རྒྱལ་ཆེན་,1,0.004640155909238551
རིགས་བཞི་,1,0.004640155909238551
ལོག་,1,0.004640155909238551
གཏི་མུག་,1,0.004640155909238551
འདག་,1,0.004640155909238551
ཆལ་,1,0.004640155909238551
བསྒོས་པ,1,0.004640155909238551
བསྒོམ་,1,0.004640155909238551
འབབ་སྟེགས་,1,0.004640155909238551
བཀྲུས་པ་,1,0.004640155909238551
འདག,1,0.004640155909238551
ཨེ་མ་ཧོ་,1,0.004640155909238551
གསོད་པ,1,0.004640155909238551
ང་རྒྱལ་ཅན་,1,0.004640155909238551
ོ་,1,0.004640155909238551
ཧཾ་,1,0.004640155909238551
ཉེ་,1,0.004640155909238551
ཐབ་ཁུང་,1,0.004640155909238551
གསང་འདུས་,1,0.004640155909238551
མདངས་,1,0.004640155909238551
དབེན་པ,1,0.004640155909238551
བརྩམ,1,0.004640155909238551
ཆིངས་,1,0.004640155909238551
གཏོར་མ་,1,0.004640155909238551
དཔུང་བ་,1,0.004640155909238551
གཙུག་ཏོར,1,0.004640155909238551
རྩ་རྒྱུད,1,0.004640155909238551
ལེའུ,1,0.004640155909238551
འཁྲུགས་པ,1,0.004640155909238551
གདུགས་དཀར་པོ་,1,0.004640155909238551
ལྗགས་,1,0.004640155909238551
ཕྱག་ལས་,1,0.004640155909238551
ལས་དོན་,1,0.004640155909238551
ཞགས་པ,1,0.004640155909238551
འབྱུང་པོ་,1,0.004640155909238551
བརྒྱན་པ་,1,0.004640155909238551
མྱུ་གུ་,1,0.004640155909238551
དམ་ཚིག་,1,0.004640155909238551
དུམ་བུ་,1,0.004640155909238551
བརླབ་པ,1,0.004640155909238551
བདུན་ཅུ་པ,1,0.004640155909238551
ཕྲེང་བ,1,0.004640155909238551
དགྲ་ནག,1,0.004640155909238551
དམར་པོ་,1,0.004640155909238551
དུམ་བུ,1,0.004640155909238551
ནག་པོ་,1,0.004640155909238551
གདོང་,1,0.004640155909238551
དྲུག་པ,1,0.004640155909238551
འཇིགས་བྱེད་,1,0.004640155909238551
དགུ་པ,1,0.004640155909238551
སྙོམས་འཇུག་,1,0.004640155909238551
ཁྲོ་བོ་,1,0.004640155909238551
ཕྲིན་ལས་,1,0.004640155909238551
ཆར་པ་,1,0.004640155909238551
བདེ་ཆེན་,1,0.004640155909238551
སྒེག་པ་,1,0.004640155909238551
ཀཱིའི་,1,0.004640155909238551
ཀུན་སྤྱོད་,1,0.004640155909238551
ཕག་མོ་,1,0.004640155909238551
ཁྲག་འཐུང་,1,0.004640155909238551
རྫོགས་རིམ་,1,0.004640155909238551
མངོན་སྤྱོད་,1,0.004640155909238551
སྡོམ་པ་,1,0.004640155909238551
ལི,1,0.004640155909238551
ཤེས་རབ,1,0.004640155909238551
མཇལ་བ་,1,0.004640155909238551
ལྟོས་པ་,1,0.004640155909238551
ཐབས་ཤེས་,1,0.004640155909238551
བསྐྱེད་རྫོགས་,1,0.004640155909238551
གུད་,1,0.004640155909238551
དུ་ཡོད་པ་,1,0.004640155909238551
གཞག་པ་,1,0.004640155909238551
ཐུན་མོང་པ་,1,0.004640155909238551
སེམས་བསྐྱེད,1,0.004640155909238551
བསགས,1,0.004640155909238551
ཟུང་འཇུག་,1,0.004640155909238551
ནང་ལྟར་,1,0.004640155909238551
ཆེན,1,0.004640155909238551
དོན་གྲུབ་,1,0.004640155909238551
སྤྲིན་,1,0.004640155909238551
ཉི་ཟླ་,1,0.004640155909238551
ཟ་བ,1,0.004640155909238551
བཞེངས་པ,1,0.004640155909238551
ཁང་བུ་,1,0.004640155909238551
བརྩེགས་པ་,1,0.004640155909238551
གཙང་མ་,1,0.004640155909238551
གྲངས་མེད་པ,1,0.004640155909238551
བར་སྟོན་པ,1,0.004640155909238551
སྣྲེལ་,1,0.004640155909238551
ཡན་མན་,1,0.004640155909238551
མུ་མེད་པ,1,0.004640155909238551
སྟོང་གསུམ་,1,0.004640155909238551
དོ་,1,0.004640155909238551
འཁོར་གསུམ་,1,0.004640155909238551
སྣང་དག་པ་,1,0.004640155909238551
ལྷུན་སྟུག་པོ་,1,0.004640155909238551
འཁོར་ས,1,0.004640155909238551
སྔགས་འཆང་བ་,1,0.004640155909238551
སྣ་ཚོགས,1,0.004640155909238551
དུས་ཆོས་,1,0.004640155909238551
མཚུངས་པ་,1,0.004640155909238551
ད་ལྟར་བ,1,0.004640155909238551
ལྷ་གནས་,1,0.004640155909238551
བྷ་,1,0.004640155909238551
ཐུག་པ,1,0.004640155909238551
མི་ཟད་པ་,1,0.004640155909238551
ཇི་སྲིད་པ,1,0.004640155909238551
འཁོར་མོ,1,0.004640155909238551
སྐས་,1,0.004640155909238551
མར་,1,0.004640155909238551
ཚ་བ,1,0.004640155909238551
ལ་ག་,1,0.004640155909238551
འདོད་ཆགས,1,0.004640155909238551
གཏི་མུག,1,0.004640155909238551
ཆ་མཉམ་པ,1,0.004640155909238551
མངོན་པ,1,0.004640155909238551
ཆ་མཉམ་པ་,1,0.004640155909238551
ཀྲི་ཡ,1,0.004640155909238551
ཧཱའི་,1,0.004640155909238551
ཏིའི་,1,0.004640155909238551
དགུ་སྟེ,1,0.004640155909238551
ཡང་ཡང་,1,0.004640155909238551
མཚན་མ,1,0.004640155909238551
རང་རྒྱལ་,1,0.004640155909238551
བྱང་སེམས་,1,0.004640155909238551
དམན་,1,0.004640155909238551
རྣམ་ཤེས་,1,0.004640155909238551
ཡས་པ་,1,0.004640155909238551
བཅུད་,1,0.004640155909238551
ཨུ་པ,1,0.004640155909238551
ཕྱི་པ་,1,0.004640155909238551
ངོ,1,0.004640155909238551
སྦྱང་བྱ,1,0.004640155909238551
དྲི་མ,1,0.004640155909238551
སྦྱང་གཞི,1,0.004640155909238551
ཁོལ་པོ,1,0.004640155909238551
ལྟ་བ,1,0.004640155909238551
དམ་ཚིག་པ,1,0.004640155909238551
སྤུན་,1,0.004640155909238551
གྲོགས་པོ,1,0.004640155909238551
བསྒོམས་པ་,1,0.004640155909238551
སྣང་སྲིད་,1,0.004640155909238551
སྦྱངས་,1,0.004640155909238551
བྱང་,1,0.004640155909238551
དམ་ཚིག་པ་,1,0.004640155909238551
དགུག་,1,0.004640155909238551
ཡིག་འབྲུ་,1,0.004640155909238551
ཕྱག་མཚན་,1,0.004640155909238551
བྱང་ཆུབ་པ་,1,0.004640155909238551
གཙོ་,1,0.004640155909238551
ཐ་སྙད་,1,0.004640155909238551
དུས་བཞི་,1,0.004640155909238551
འབྲལ་བ,1,0.004640155909238551
ཡན་,1,0.004640155909238551
ཆོད,1,0.004640155909238551
སུན་,1,0.004640155909238551
འུབ་,1,0.004640155909238551
ཆུབ,1,0.004640155909238551
ཟང་མ,1,0.004640155909238551
གདེང་,1,0.004640155909238551
གཟེར་ཐེབས་,1,0.004640155909238551
ཡུལ་ཆོས་,1,0.004640155909238551
ཀློང་རྡོལ་,1,0.004640155909238551
ཟིན,1,0.004640155909238551
བགྲོད,1,0.004640155909238551
རྒྱུ་འབྲས་,1,0.004640155909238551
རང་ཆས་,1,0.004640155909238551
སེམས་སྡེ,1,0.004640155909238551
ཀློང་སྡེ,1,0.004640155909238551
གནས་ཆེན་པོ་,1,0.004640155909238551
དང་བ,1,0.004640155909238551
ར་པ་,1,0.004640155909238551
ཁོག་,1,0.004640155909238551
དབུབ་པ་,1,0.004640155909238551
བསྐུར་བ་,1,0.004640155909238551
རིགས་གསུམ་,1,0.004640155909238551
ས་འོག་,1,0.004640155909238551
ལས་ཕྲན་,1,0.004640155909238551
གྲ་,1,0.004640155909238551
གཙུག་ཏོར་,1,0.004640155909238551
མཛོད་སྤུ་,1,0.004640155909238551
ཕྲན་,1,0.004640155909238551
པདྨཱ་,1,0.004640155909238551
མུཙྪ་,1,0.004640155909238551
ཟོམ་,1,0.004640155909238551
བདུན་ཅུ་,1,0.004640155909238551
བར་ཆད་,1,0.004640155909238551
བསྲུང་བ་,1,0.004640155909238551
གཟི་,1,0.004640155909238551
འབར་བ་,1,0.004640155909238551
རྔམ་,1,0.004640155909238551
ཞི་བ་ལྷ,1,0.004640155909238551
རྔམ་པ་,1,0.004640155909238551
ཐལ་,1,0.004640155909238551
ཁུ་བྱུག་,1,0.004640155909238551
པུཎྜ་,1,0.004640155909238551
རཱི་,1,0.004640155909238551
རིག་འཛིན་,1,0.004640155909238551
ཏནྟྲ,1,0.004640155909238551
རྟ་མཆོག་,1,0.004640155909238551
གལ་པོ,1,0.004640155909238551
རྦོད་གཏོང་,1,0.004640155909238551
ཁ་ཚར་,1,0.004640155909238551
ཁ་སྐོང་བ་,1,0.004640155909238551
ལས་རྒྱ་,1,0.004640155909238551
ལེ་,1,0.004640155909238551
མི་ཟད་པ,1,0.004640155909238551
གཏེར་,1,0.004640155909238551
རློབ་པ་,1,0.004640155909238551
སྒྲོལ་བ་,1,0.004640155909238551
དྲག་པོ,1,0.004640155909238551
འབོག་,1,0.004640155909238551
ལྷག་མ,1,0.004640155909238551
བསྐངས་,1,0.004640155909238551
ཁྲོ་མོ,1,0.004640155909238551
གདུག་པ་,1,0.004640155909238551
གཟི,1,0.004640155909238551
མནན་,1,0.004640155909238551
ཏི་ལ,1,0.004640155909238551
བླང་བ་,1,0.004640155909238551
ཀུན་ཁྱབ་,1,0.004640155909238551
མཁའ་དབྱིངས་,1,0.004640155909238551
ཡིད་ཆེས་པ,1,0.004640155909238551
ཇི་བཞིན་པ,1,0.004640155909238551
གོམས་པ,1,0.004640155909238551
གདོད་མ,1,0.004640155909238551
སྟོ་,1,0.004640155909238551
ནཔ་,1,0.004640155909238551
སྒྲོན་མ,1,0.004640155909238551
པསྙིང་པོ,1,0.004640155909238551
ཁུ་བྱུག,1,0.004640155909238551
རྩོལ་སྒྲུབ་,1,0.004640155909238551
ཟིལ་,1,0.004640155909238551
གནོན་པ་,1,0.004640155909238551
སྤྲུགས་པ,1,0.004640155909238551
ཁྱུང་ཆེན་,1,0.004640155909238551
གཤོག་,1,0.004640155909238551
ཞུན,1,0.004640155909238551
རྒྱལ་མཚན,1,0.004640155909238551
རྨད་བྱུང་,1,0.004640155909238551
ཡང་ཏིག་,1,0.004640155909238551
ཤི་,1,0.004640155909238551
འདོད་དགུ་,1,0.004640155909238551
ཡང་རྩེ,1,0.004640155909238551
བདེ་,1,0.004640155909238551
རབ་འབྱམས,1,0.004640155909238551
འཕྲ་,1,0.004640155909238551
གྱེས་,1,0.004640155909238551
གཏེར་ཆེན་,1,0.004640155909238551
ཡོངས་རྫོགས,1,0.004640155909238551
དོང་སྤྲུག་,1,0.004640155909238551
འོད་འགྱེད་པ་,1,0.004640155909238551
བག་,1,0.004640155909238551
ཉལ་,1,0.004640155909238551
རློབ་པ,1,0.004640155909238551
འབེབས་པ,1,0.004640155909238551
སྦྱོར་བྱེད་,1,0.004640155909238551
མ་དད་པ་,1,0.004640155909238551
མགོ་གཡོགས་,1,0.004640155909238551
འཁར་བ་,1,0.004640155909238551
དཀྲིས་པ་,1,0.004640155909238551
སྨན་,1,0.004640155909238551
འཛོལ་པ་,1,0.004640155909238551
ལ་དུག་,1,0.004640155909238551
དམན་པ,1,0.004640155909238551
སྟོང་པ་ཉིད,1,0.004640155909238551
འཆད་པ་པོ,1,0.004640155909238551
སྙན་,1,0.004640155909238551
ངག་ཚིག་,1,0.004640155909238551
དོན་དག་པ་,1,0.004640155909238551
ནོར་བ་,1,0.004640155909238551
འཁྲུལ་བ་,1,0.004640155909238551
མི་འཆད་པ་,1,0.004640155909238551
ཞེ་ན,1,0.004640155909238551
སྔ་,1,0.004640155909238551
རྨ་བྱ,1,0.004640155909238551
མདོངས་,1,0.004640155909238551
བལྟ་བ་,1,0.004640155909238551
མི་དབང་བ,1,0.004640155909238551
གང་ཞེ་ན་,1,0.004640155909238551
འདི་ལྟ་སྟེ,1,0.004640155909238551
གས,1,0.004640155909238551
ལནྡའི་,1,0.004640155909238551
འཆད,1,0.004640155909238551
ཞིང་ཁམས,1,0.004640155909238551
འབའ་ཞིག,1,0.004640155909238551
ཁོར་མོ,1,0.004640155909238551
བཀའ་འཁོར་,1,0.004640155909238551
ལྷུང་བ་,1,0.004640155909238551
ནགས,1,0.004640155909238551
སྡེ་ཚན་,1,0.004640155909238551
རབ་འབྱོར་,1,0.004640155909238551
མགོན་མེད་,1,0.004640155909238551
དགེ་བསྙེན་མ་,1,0.004640155909238551
ས་ག་,1,0.004640155909238551
དགེ་བསྙེན་,1,0.004640155909238551
དགེ་བསྙེན་མ,1,0.004640155909238551
དེད་དཔོན་,1,0.004640155909238551
མཆོག་པ,1,0.004640155909238551
པདྨོ་,1,0.004640155909238551
ཕྱུག་པ་,1,0.004640155909238551
ཀྱིི་,1,0.004640155909238551
གཏོགས་,1,0.004640155909238551
ཏིར་,1,0.004640155909238551
ཕྱི་རབས་,1,0.004640155909238551
རིམ་གྱིས་པ་,1,0.004640155909238551
ཅིག་ཅར་བ་,1,0.004640155909238551
སྐྱེལ་,1,0.004640155909238551
ཀྲ་,1,0.004640155909238551
རྗེས་འཇུག་,1,0.004640155909238551
དད་མོས་,1,0.004640155909238551
སྐྱེ,1,0.004640155909238551
བྱིན་རླབས་,1,0.004640155909238551
རྒྱུ་བྱེད་,1,0.004640155909238551
བསླབས་པ,1,0.004640155909238551
འབྱོར་པ,1,0.004640155909238551
བཟངས་,1,0.004640155909238551
སྙིང་རྗེ,1,0.004640155909238551
འཁྲིད་པ,1,0.004640155909238551
ཆ་ལག་,1,0.004640155909238551
མ་རིག་པ,1,0.004640155909238551
མུན་པ་,1,0.004640155909238551
སངས་པ,1,0.004640155909238551
སྡིག་སྒྲིབ་,1,0.004640155909238551
དཔྱད་པ,1,0.004640155909238551
ཚོགས་ཆེན་པོ,1,0.004640155909238551
མཚོ,1,0.004640155909238551
ལ་སྨན་པ་,1,0.004640155909238551
སྡོང་པོ་,1,0.004640155909238551
ལ་སྨན་པ,1,0.004640155909238551
བཤད་ཚུལ་,1,0.004640155909238551
སློབ་མ,1,0.004640155909238551
དུལ་བ་,1,0.004640155909238551
ཉེར་ཞི་བ,1,0.004640155909238551
ཕྱུག,1,0.004640155909238551
རྟོགས་དཀ,1,0.004640155909238551
སྨྲ་མཁས་,1,0.004640155909238551
བརྩེ་བ,1,0.004640155909238551
སྐྱོ་ངལ་,1,0.004640155909238551
བསྟེན,1,0.004640155909238551
བསྡམས་པ,1,0.004640155909238551
ཟབ་མོ,1,0.004640155909238551
དོན་གཉེར་,1,0.004640155909238551
གྲིམས་,1,0.004640155909238551
དུལ་,1,0.004640155909238551
སྡོམ་བརྩོན་,1,0.004640155909238551
ཆོས་ལྡན་,1,0.004640155909238551
སྣོད་ཁ་,1,0.004640155909238551
གཏད་པ,1,0.004640155909238551
ཅུང་ཟད་,1,0.004640155909238551
མཐར་ཆགས་,1,0.004640155909238551
ཉོན་མོངས་པ,1,0.004640155909238551
ཉོན་,1,0.004640155909238551
སྐྱོན་སེལ་བ,1,0.004640155909238551
གཉེར་བ་,1,0.004640155909238551
རྣམ་གཡེང་,1,0.004640155909238551
སྡུད་,1,0.004640155909238551
ཁྱད་,1,0.004640155909238551
སྒེག་འཆོས་,1,0.004640155909238551
མཐོ་བ,1,0.004640155909238551
སྡོད་པ་,1,0.004640155909238551
ལ་དོན་,1,0.004640155909238551
གཉེར་,1,0.004640155909238551
འདོད་འདུན་,1,0.004640155909238551
ཕྱི,1,0.004640155909238551
འཕྱོར་,1,0.004640155909238551
སྙམ་པ་,1,0.004640155909238551
ལ་བ,1,0.004640155909238551
བློ་ངན་,1,0.004640155909238551
ཁོ་ན་,1,0.004640155909238551
ཕན་པ་,1,0.004640155909238551
དུང་དུང་བ་,1,0.004640155909238551
གལ་པོ་,1,0.004640155909238551
འཆུགས་པ་,1,0.004640155909238551
འགྲོ་དོན་,1,0.004640155909238551
ཕྱིན,1,0.004640155909238551
པོ་,1,0.004640155909238551
གཙོ་འཁོར་,1,0.004640155909238551
སློབ་མ་,1,0.004640155909238551
སྒྲོལ་མ,1,0.004640155909238551
ཐིམ་པ,1,0.004640155909238551
རང་ཉིད་,1,0.004640155909238551
དངོས་གཞི་,1,0.004640155909238551
གཉིས་ཀ་,1,0.004640155909238551
འཇལ་བ,1,0.004640155909238551
བསྔོས་,1,0.004640155909238551
མི་རྟག་པ་,1,0.004640155909238551
བཀའ་དྲིན་,1,0.004640155909238551
ཚང་བ་,1,0.004640155909238551
བཤམས་པ་,1,0.004640155909238551
བསྡམས་,1,0.004640155909238551
ཚུལ་ཁྲིམས,1,0.004640155909238551
དེ་དུས་,1,0.004640155909238551
བརྩོན་འགྲུས,1,0.004640155909238551
བརྒལ་བརྟག་,1,0.004640155909238551
འདྲི་བ་,1,0.004640155909238551
ཆོས་སྤྱོད་,1,0.004640155909238551
སྤྱོད་ལམ་,1,0.004640155909238551
འདེབས,1,0.004640155909238551
འདྲི,1,0.004640155909238551
མཛོད་འཛིན་པ་,1,0.004640155909238551
དྲན་པ་,1,0.004640155909238551
འཆིང་བ་,1,0.004640155909238551
འབྲལ་བ་,1,0.004640155909238551
མི་འགྱུར་བ་,1,0.004640155909238551
བསྲུང་,1,0.004640155909238551
རྙེད་པ,1,0.004640155909238551
སྡུད་པ་,1,0.004640155909238551
ཡོངས་ཤེས་,1,0.004640155909238551
སྤྱི་ཆིངས་,1,0.004640155909238551
མདོ་དོན་,1,0.004640155909238551
ཅུང་ཞིག་,1,0.004640155909238551
སྤྱིན་པ,1,0.004640155909238551
བསྙད་པ,1,0.004640155909238551
མཚོན་པ་,1,0.004640155909238551
འཆའ་བ་,1,0.004640155909238551
གལ་ཆེ་,1,0.004640155909238551
བཅུ་གསུམ་,1,0.004640155909238551
དལ་འབྱོར་,1,0.004640155909238551
ཆ་ཤས་,1,0.004640155909238551
བསྒོམ་པ་,1,0.004640155909238551
གང་ལྟར་,1,0.004640155909238551
གོ་རིམས་,1,0.004640155909238551
ཆགས་པ་,1,0.004640155909238551
དང་ཞེན་པ་,1,0.004640155909238551
བརྒལ་བ,1,0.004640155909238551
འགགས་པ་,1,0.004640155909238551
མ་རིག་,1,0.004640155909238551
ལྟུང་བྱེད་,1,0.004640155909238551
འདས,1,0.004640155909238551
ངོ་སྤྲོད་པ་,1,0.004640155909238551
ཀྱེ་,1,0.004640155909238551
བདག་པོ,1,0.004640155909238551
དུབ་,1,0.004640155909238551
ངལ་བ,1,0.004640155909238551
བགྲོད་ལམ་,1,0.004640155909238551
ཅག་,1,0.004640155909238551
མངོན་རྟོགས་,1,0.004640155909238551
ཀྱེ་མ་,1,0.004640155909238551
གཞུང་ལུགས་,1,0.004640155909238551
ལུགས,1,0.004640155909238551
རིང་མོ་,1,0.004640155909238551
ཞི་གནས་,1,0.004640155909238551
བཅོས་པ,1,0.004640155909238551
འཇོག་པ་,1,0.004640155909238551
མགྲོན་པོ་,1,0.004640155909238551
དལ་བར་,1,0.004640155909238551
འཇུག་ངོགས་,1,0.004640155909238551
ཏོག་རྩེ་,1,0.004640155909238551
སྤྲོས་,1,0.004640155909238551
སོ་མ་,1,0.004640155909238551
གཉུག་,1,0.004640155909238551
ཕྱག་རྒྱ་,1,0.004640155909238551
ཅིར་,1,0.004640155909238551
བསམས་,1,0.004640155909238551
བཅས་བཅོས་,1,0.004640155909238551
ལྷུག་པ,1,0.004640155909238551
ཞོག,1,0.004640155909238551
མ་བཅོས་པ་,1,0.004640155909238551
ངལ་དུབ་,1,0.004640155909238551
སྤྱོད་ཡུལ་,1,0.004640155909238551
འཁྱམས་,1,0.004640155909238551
སྒྲིབ་པ,1,0.004640155909238551
ལམ་མཆོག་,1,0.004640155909238551
བཤེས་,1,0.004640155909238551
སྤྲིང་,1,0.004640155909238551
གནག་རྗེས་,1,0.004640155909238551
བགྱི,1,0.004640155909238551
སྤྲོས་པ,1,0.004640155909238551
ངལ་བ་,1,0.004640155909238551
གསོ་བ་,1,0.004640155909238551
འགགས་པ,1,0.004640155909238551
ལངྐར་,1,0.004640155909238551
སྨིག་རྒྱུ་,1,0.004640155909238551
ཕྱིར་བཟློག་,1,0.004640155909238551
གཞི་བསྡུ་བ,1,0.004640155909238551
འོད་གསལ་བ་,1,0.004640155909238551
གཞི་མེད་,1,0.004640155909238551
རྒྱུན,1,0.004640155909238551
ཕྲ་,1,0.004640155909238551
འགག,1,0.004640155909238551
ཡོང་,1,0.004640155909238551
མྱོང་བ,1,0.004640155909238551
ཏུ,1,0.004640155909238551
གཟུགས,1,0.004640155909238551
དཔེ,1,0.004640155909238551
དགོད,1,0.004640155909238551
ལོང་,1,0.004640155909238551
ཆུ,1,0.004640155909238551
ཁྱིམ་,1,0.004640155909238551
སྐོམ་པ་,1,0.004640155909238551
བསལ་བ་,1,0.004640155909238551
ཚང་བ,1,0.004640155909238551
ངག་བཀོད་པ,1,0.004640155909238551
དུ་ཡོད་,1,0.004640155909238551
དེ་བས་ན་,1,0.004640155909238551
བསྙད་,1,0.004640155909238551
བཟློག་པ,1,0.004640155909238551
ཐབས་མེད་པ,1,0.004640155909238551
སྤང་བ,1,0.004640155909238551
འབྲེལ་པ་,1,0.004640155909238551
སྦྱར་བ,1,0.004640155909238551
འདི་དག,1,0.004640155909238551
ཙིཏྟཱ་,1,0.004640155909238551
སེམས,1,0.004640155909238551
རིང་ཆ་,1,0.004640155909238551
བྱིན་པ,1,0.004640155909238551
སྲན་,1,0.004640155909238551
དོ་ཧ་,1,0.004640155909238551
ཚིག་འགྲེལ,1,0.004640155909238551
དོན་འགྲེལ,1,0.004640155909238551
དཀའ་འགྲེལ,1,0.004640155909238551
སྒྲུང་,1,0.004640155909238551
ཤན་སྦྱར་བ་,1,0.004640155909238551
བྱིས་པ་,1,0.004640155909238551
དཀར་པོ,1,0.004640155909238551
འོག་མ་,1,0.004640155909238551
མཛེས་པ,1,0.004640155909238551
རྣམ་འགྲེལ་,1,0.004640155909238551
མངའ་བ,1,0.004640155909238551
ཆར་སྤྲིན་,1,0.004640155909238551
མཚུངས་པ,1,0.004640155909238551
གཤིས་,1,0.004640155909238551
རྒྱ་ཆེ་བ་,1,0.004640155909238551
ཕུལ་བྱུང་,1,0.004640155909238551
སྔོན་བྱོན་པ,1,0.004640155909238551
བགྲོད་,1,0.004640155909238551
གོ་བགོ་བ་,1,0.004640155909238551
འགྲེལ་ཆེན་,1,0.004640155909238551
བརྩེ་བ་,1,0.004640155909238551
ལྷོད་པ,1,0.004640155909238551
སྐད་རིགས་,1,0.004640155909238551
ྱཱ་,1,0.004640155909238551
དོན་འགྱུར་,1,0.004640155909238551
སོས་པ་,1,0.004640155909238551
རྣམ་དག,1,0.004640155909238551
གྲུབ,1,0.004640155909238551
ཀློང་ཆེན་,1,0.004640155909238551
གདངས་,1,0.004640155909238551
དལ་,1,0.004640155909238551
འདྲེས་,1,0.004640155909238551
ཡང་མིག་,1,0.004640155909238551
ཞོན་,1,0.004640155909238551
ཟློ,1,0.004640155909238551
ཉེས་པ,1,0.004640155909238551
སྐྱོན་མེད་པ་,1,0.004640155909238551
ལམ,1,0.004640155909238551
ངག་གོ,1,0.004640155909238551
ཡེ་ཤེས,1,0.004640155909238551
ཅོག་,1,0.004640155909238551
རྟག་པ,1,0.004640155909238551
ཤར་བ,1,0.004640155909238551
ཕེབས་པ,1,0.004640155909238551
སྦུབས་,1,0.004640155909238551
ནང་གསལ་,1,0.004640155909238551
ལྔ་ལྡན་,1,0.004640155909238551
ནི་གུ,1,0.004640155909238551
ཤར་བ་,1,0.004640155909238551
བསྔགས་པ་,1,0.004640155909238551
སྐལ་བཟང་,1,0.004640155909238551
འགྲོལ་,1,0.004640155909238551
ཡུལ་དབུས་,1,0.004640155909238551
རང་མལ་,1,0.004640155909238551
གཞུང་དོན་,1,0.004640155909238551
ལྟོ་,1,0.004640155909238551
ལྡིར་,1,0.004640155909238551
ལྔ་ལྡན,1,0.004640155909238551
སྤྲུལ་སྐུ་,1,0.004640155909238551
ཐོག་མཐའ་,1,0.004640155909238551
དང་ལ་,1,0.004640155909238551
རྫས་,1,0.004640155909238551
དོན་འགྲེལ་པ,1,0.004640155909238551
བཙལ་,1,0.004640155909238551
སླ་བ་,1,0.004640155909238551
རྒྱ་བོད་,1,0.004640155909238551
དོན་མཐུན་པ,1,0.004640155909238551
རྩོམ་པ་,1,0.004640155909238551
དད་འདུན་,1,0.004640155909238551
བར་སྐབས་,1,0.004640155909238551
འཕྲོགས་པ,1,0.004640155909238551
བླངས་པ་,1,0.004640155909238551
དམ་བཅའ་པ་,1,0.004640155909238551
ཉམ་,1,0.004640155909238551
སྦལ་པ,1,0.004640155909238551
འཕར་,1,0.004640155909238551
སྟངས་,1,0.004640155909238551
འབྲུ་,1,0.004640155909238551
གཞོལ་བ་,1,0.004640155909238551
རུས་སྦལ་,1,0.004640155909238551
ནུར་,1,0.004640155909238551
འགྲོས་,1,0.004640155909238551
འགྱིང་,1,0.004640155909238551
འོང་,1,0.004640155909238551
མཛེས་བྱེད་པ,1,0.004640155909238551
མེ་ཏོག་ཕྲེང་བ་,1,0.004640155909238551
བརྙིངས་,1,0.004640155909238551
སྤེལ,1,0.004640155909238551
སྤྲིན་ཆེན་,1,0.004640155909238551
འབྲུག་སྒྲ་,1,0.004640155909238551
རྣམ་བཀྲ,1,0.004640155909238551
གློག་,1,0.004640155909238551
འབེབས,1,0.004640155909238551
སྐྱེད་མོས་ཚལ,1,0.004640155909238551
ཐོས་བསམ་,1,0.004640155909238551
རྒྱུན་ཆགས་པ,1,0.004640155909238551
བཀྲའི་,1,0.004640155909238551
ལམ་བཟང་,1,0.004640155909238551
རྣལ་འབྱོར་པ,1,0.004640155909238551
འདབ་སྟོང་,1,0.004640155909238551
ཐོད་,1,0.004640155909238551
མགུལ,1,0.004640155909238551
རྫོང་,1,0.004640155909238551
མྱ་ངམ་ཐང་,1,0.004640155909238551
བརྒལ་,1,0.004640155909238551
དགའ་སྟོན་,1,0.004640155909238551
སྐུ་ཚེ་རིང་,1,0.004640155909238551
བདེ་ལེགས་,1,0.004640155909238551
བྱང་ཕྱོགས་,1,0.004640155909238551
ར་བ,1,0.004640155909238551
སྐྱེད་མོས་ཚལ་,1,0.004640155909238551
